ACCT 10100,1.5 Hours
ACCT 20100,3 Hours
ACCT 20200,3 Hours
ACCT 30100,3 Hours
ACCT 30110,3 Hours
ACCT 30120,3 Hours
ACCT 30210,3 Hours
ACCT 30280,3 Hours
ACCT 40160,3 Hours
ACCT 40280,3 Hours
ACCT 40510,3 Hours
ACCT 40610,3 Hours
ACCT 40710,3 Hours
ACCT 40830,3 Hours
ACMS 10140,3 Hours
ACMS 10550,4 Hours
ACMS 10560,4 Hours
ACMS 11550,0 Hours
ACMS 11560,0 Hours
ACMS 20220,3.5 Hours
ACMS 20340,3.5 Hours
ACMS 20550,3.5 Hours
ACMS 20620,3 Hours
ACMS 20750,3.5 Hours
ACMS 21220,0 Hours
ACMS 21340,0 Hours
ACMS 22550,0 Hours
ACMS 22750,0 Hours
ACMS 30440,3 Hours
ACMS 30530,3 Hours
ACMS 30550,3 Hours
ACMS 30600,3.5 Hours
ACMS 30617,1 Hour
ACMS 31600,0 Hours
ACMS 40390,3 Hours
ACMS 40630,3 Hours
ACMS 40730,3 Hours
ACMS 40740,3 Hours
ACMS 40750,3 Hours
ACMS 40760,3 Hours
ACMS 40770,3 Hours
ACMS 40842,3 Hours
ACMS 40875,3 Hours
ACMS 40878,3 Hours
ACMS 46800,1 to 10 Hours
ACMS 48498,1 to 3 Hours
ACMS 48500,1 to 3 Hours
ACMS 60101,3 Hours
ACMS 60105,3 Hours
ACMS 60470,3 Hours
ACMS 60617,1 Hour
ACMS 60630,3 Hours
ACMS 60640,3 Hours
ACMS 60690,3 Hours
ACMS 60786,3 Hours
ACMS 60842,3 Hours
ACMS 60850,3 Hours
ACMS 60875,3 Hours
ACMS 60885,3 Hours
ACMS 60888,3 Hours
ACMS 63010,0.5 Hours
ACMS 70732,3 Hours
ACMS 80870,3 Hours
ACMS 96697,1 to 12 Hours
ACMS 98698,1 to 12 Hours
ACMS 98900,0 to 12 Hours
ACTG 20100,3 Hours
ACTG 20200,3 Hours
AFST 10575,3 Hours
AFST 10577,4 Hours
AFST 10578,3 Hours
AFST 10581,3 Hours
AFST 13181,3 Hours
AFST 20034,1 Hour
AFST 20075,3 Hours
AFST 20082,3 Hours
AFST 20130,3 Hours
AFST 20274,3 Hours
AFST 20401,3 Hours
AFST 20477,3 Hours
AFST 20600,3 Hours
AFST 20704,3 Hours
AFST 20781,3 Hours
AFST 30003,3 Hours
AFST 30113,3 Hours
AFST 30214,3 Hours
AFST 30248,3 Hours
AFST 30294,3 Hours
AFST 30297,3 Hours
AFST 30685,3 Hours
AFST 30708,3 Hours
AFST 30710,3 Hours
AFST 30715,3 Hours
AFST 33703,3 Hours
AFST 40127,3 Hours
AFST 40173,3 Hours
AFST 43782,3 Hours
AFST 45100,3 Hours
AFST 46100,1 to 3 Hours
AFST 48100,3 Hours
AL 10001,0 Hours
AL 20001,1 Hour
AL 25001,0 to 1 Hours
AL 25002,1 Hour
AL 26001,1 to 3 Hours
AL 27001,1 to 3 Hours
AL 30001,0 to 1 Hours
AL 46000,1 to 3 Hours
AL 48007,3 Hours
ALHN 13950,3 Hours
ALHN 20000,3 Hours
ALHN 43950,1 Hour
ALHN 48980,3 Hours
ALSF 23001,1 Hour
ALSF 30126,3 Hours
ALSF 33126,1 Hour
ALSF 48001,1 Hour
ALSF 48003,1 to 3 Hours
AME 18491,1 Hour
AME 20210,3 Hours
AME 20216,1 Hour
AME 20217,1 Hour
AME 20221,3 Hours
AME 20231,3 Hours
AME 20241,3 Hours
AME 20251,3 Hours
AME 21216,1 Hour
AME 21217,1 Hour
AME 21267,2 Hours
AME 21268,2 Hours
AME 28491,Varies by section
AME 30125,3 Hours
AME 30314,3 Hours
AME 30331,3 Hours
AME 30341,3 Hours
AME 30363,3 Hours
AME 30386,3 Hours
AME 36099,1 to 12 Hours
AME 36319,0 Hours
AME 36329,0 Hours
AME 38491,Varies by section
AME 40423,3 Hours
AME 40431,3 Hours
AME 40451,3 Hours
AME 40460,3 Hours
AME 40461,3 Hours
AME 40463,4 Hours
AME 40465,3 Hours
AME 40530,3 Hours
AME 40532,3 Hours
AME 40548,3 Hours
AME 40551,3 Hours
AME 40572,3 Hours
AME 41463,0 Hours
AME 47560,1 to 4 Hours
AME 48491,Varies by section
AME 50533,3 Hours
AME 57520,3 Hours
AME 57521,3 Hours
AME 57560,3 Hours
AME 57562,3 Hours
AME 60548,3 Hours
AME 60551,3 Hours
AME 60553,3 Hours
AME 60572,3 Hours
AME 60611,3 Hours
AME 60614,3 Hours
AME 60621,3 Hours
AME 60624,3 Hours
AME 60630,3 Hours
AME 60633,3 Hours
AME 60635,3 Hours
AME 60639,3 Hours
AME 60661,3 Hours
AME 60731,3 Hours
AME 60737,3 Hours
AME 60741,3 Hours
AME 63999,0 Hours
AME 68691,0 to 12 Hours
AME 68697,0 to 12 Hours
AME 70732,3 Hours
AME 70779,4 Hours
AME 90620,3 Hours
AME 90937,3 Hours
AME 98200,1 Hour
AME 98991,0 to 12 Hours
AME 98998,0 to 12 Hours
AMST 10100,3 Hours
AMST 12100,0 Hours
AMST 13184,3 Hours
AMST 20100,3 Hours
AMST 22100,0 Hours
AMST 30105,3 Hours
AMST 30107,3 Hours
AMST 30111,3 Hours
AMST 30117,3 Hours
AMST 30119,3 Hours
AMST 30122,3 Hours
AMST 30132,3 Hours
AMST 30134,3 Hours
AMST 30145,3 Hours
AMST 30150,3 Hours
AMST 30161,3 Hours
AMST 30162,3 Hours
AMST 30165,3 Hours
AMST 30186,3 Hours
AMST 30190,3 Hours
AMST 30192,3 Hours
AMST 30201,3 Hours
AMST 30203,3 Hours
AMST 30204,3 Hours
AMST 30249,3 Hours
AMST 30271,3 Hours
AMST 30332,3 Hours
AMST 30362,3 Hours
AMST 30416,3 Hours
AMST 30435,3 Hours
AMST 30460,3 Hours
AMST 30467,3 Hours
AMST 30480,3 Hours
AMST 30519,3 Hours
AMST 30604,3 Hours
AMST 30614,3 Hours
AMST 30824,3 Hours
AMST 30902,3 Hours
AMST 30911,3 Hours
AMST 30922,3 Hours
AMST 30931,3 Hours
AMST 31162,0 Hours
AMST 31186,0 Hours
AMST 43145,3 Hours
AMST 45903,3 Hours
AMST 46920,3 Hours
AMST 47909,3 Hours
ANTH 10109,3 Hours
ANTH 10110,3 Hours
ANTH 10112,3 Hours
ANTH 10195,3 Hours
ANTH 10202,3 Hours
ANTH 10203,3 Hours
ANTH 10204,3 Hours
ANTH 10210,3 Hours
ANTH 10900,1 Hour
ANTH 11320,1 Hour
ANTH 13181,3 Hours
ANTH 20002,3 Hours
ANTH 20093,3 Hours
ANTH 20109,3 Hours
ANTH 20201,3 Hours
ANTH 20202,3 Hours
ANTH 20203,3 Hours
ANTH 20204,3 Hours
ANTH 20209,3 Hours
ANTH 20320,3 Hours
ANTH 20477,3 Hours
ANTH 20556,3 Hours
ANTH 21093,0 Hours
ANTH 23201,3 Hours
ANTH 23316,3 Hours
ANTH 30112,3 Hours
ANTH 30116,3 Hours
ANTH 30186,3 Hours
ANTH 30200,3 Hours
ANTH 30308,3 Hours
ANTH 30330,3 Hours
ANTH 30558,3 Hours
ANTH 30592,3 Hours
ANTH 30715,3 Hours
ANTH 30800,3 Hours
ANTH 30910,3 Hours
ANTH 33210,3 Hours
ANTH 40200,3 Hours
ANTH 40202,3 Hours
ANTH 40313,3 Hours
ANTH 40400,3 Hours
ANTH 40700,1 Hour
ANTH 40800,3 Hours
ANTH 40890,3 Hours
ANTH 41730,1 Hour
ANTH 41840,1 Hour
ANTH 43100,3 Hours
ANTH 43404,3 Hours
ANTH 46100,1 to 3 Hours
ANTH 46200,1 to 3 Hours
ANTH 46300,1 to 3 Hours
ANTH 46400,1 to 3 Hours
ANTH 46500,1 to 3 Hours
ANTH 46700,1 to 3 Hours
ANTH 47675,1 to 4 Hours
ANTH 48100,1 to 3 Hours
ANTH 48200,1 to 3 Hours
ANTH 48300,1 to 3 Hours
ANTH 48500,1 to 3 Hours
ANTH 48700,1 to 3 Hours
ANTH 48900,3 Hours
ANTH 50405,3 Hours
ANTH 56100,1 to 3 Hours
ANTH 60200,3 Hours
ANTH 60201,3 Hours
ANTH 60204,3 Hours
ANTH 60313,3 Hours
ANTH 60700,1 to 3 Hours
ANTH 60801,3 Hours
ANTH 60890,3 Hours
ANTH 63100,3 Hours
ANTH 63201,3 Hours
ANTH 63210,3 Hours
ANTH 63316,3 Hours
ANTH 63404,3 Hours
ANTH 63592,3 Hours
ANTH 66100,1 to 3 Hours
ANTH 66200,1 to 3 Hours
ANTH 66300,1 to 3 Hours
ANTH 66301,1 to 6 Hours
ANTH 66400,1 to 3 Hours
ANTH 66500,1 to 3 Hours
ANTH 66700,1 to 3 Hours
ANTH 68100,1 to 3 Hours
ANTH 68300,1 to 3 Hours
ANTH 68500,1 to 3 Hours
ANTH 68600,3 Hours
ANTH 98100,1 to 9 Hours
ANTH 98101,1 to 9 Hours
ARCH 11011,3 Hours
ARCH 12727,1 Hour
ARCH 20211,3 Hours
ARCH 20411,3 Hours
ARCH 21111,6 Hours
ARCH 40411,3 Hours
ARCH 40511,3 Hours
ARCH 40811,3 Hours
ARCH 41011,3 Hours
ARCH 41111,6 Hours
ARCH 41711,3 Hours
ARCH 41811,3 Hours
ARCH 43201,3 Hours
ARCH 43310,3 Hours
ARCH 43611,3 Hours
ARCH 43711,3 Hours
ARCH 47122,3 to 6 Hours
ARCH 50218,3 Hours
ARCH 50418,3 Hours
ARCH 50419,3 Hours
ARCH 50438,3 Hours
ARCH 50518,3 Hours
ARCH 51018,3 Hours
ARCH 51058,3 Hours
ARCH 51111,6 Hours
ARCH 51411,3 Hours
ARCH 57123,3 Hours
ARCH 57811,3 Hours
ARCH 60211,3 Hours
ARCH 60311,3 Hours
ARCH 60411,3 Hours
ARCH 60511,3 Hours
ARCH 61011,0 Hours
ARCH 61012,0 Hours
ARCH 61111,6 Hours
ARCH 70211,3 Hours
ARCH 70311,3 Hours
ARCH 70411,3 Hours
ARCH 70419,3 Hours
ARCH 70531,3 Hours
ARCH 71111,6 Hours
ARCH 71121,6 Hours
ARCH 71131,6 Hours
ARCH 71411,3 Hours
ARCH 73231,3 Hours
ARCH 77122,3 to 6 Hours
ARCH 77212,3 to 6 Hours
ARCH 77312,3 Hours
ARCH 80212,3 Hours
ARCH 81153,6 Hours
ARCH 83311,3 Hours
ARHI 13182,3 Hours
ARHI 20231,3 Hours
ARHI 20310,3 Hours
ARHI 20540,3 Hours
ARHI 30375,3 Hours
ARHI 30480,3 Hours
ARHI 30482,3 Hours
ARHI 30489,3 Hours
ARHI 30540,0 Hours
ARHI 30810,3 Hours
ARHI 40253,3 Hours
ARHI 40910,3 Hours
ARHI 43810,3 Hours
ARHI 45310,1 to 3 Hours
ARHI 46272,3 Hours
ARHI 46472,3 Hours
ARHI 48573,3 Hours
ARHI 60253,3 Hours
ARHI 60310,3 Hours
ARHI 60376,3 Hours
ARHI 60480,3 Hours
ARHI 60484,3 Hours
ARHI 60540,0 Hours
ARHI 60910,3 Hours
ARHI 63711,3 Hours
ARHI 63810,3 Hours
ARHI 66472,1 to 6 Hours
ARHI 67271,1 to 6 Hours
ARHI 67371,1 to 6 Hours
ARHI 67471,1 to 6 Hours
ARHI 67671,1 to 3 Hours
ARST 10100,3 Hours
ARST 10201,3 Hours
ARST 10601,3 Hours
ARST 20101,3 Hours
ARST 20301,3 Hours
ARST 20401,3 Hours
ARST 20502,3 Hours
ARST 20601,3 Hours
ARST 20602,3 Hours
ARST 20603,3 Hours
ARST 20604,3 Hours
ARST 30102,3 Hours
ARST 30405,3 Hours
ARST 30428,3 Hours
ARST 40204,3 Hours
ARST 40307,3 Hours
ARST 43703,3 Hours
ARST 46171,1 to 2 Hours
ARST 46271,1 to 2 Hours
ARST 46371,1 to 2 Hours
ARST 46471,1 to 2 Hours
ARST 46571,1 to 2 Hours
ARST 46671,1 to 2 Hours
ARST 47171,1 to 3 Hours
ARST 47271,1 to 3 Hours
ARST 47371,1 to 3 Hours
ARST 47471,1 to 3 Hours
ARST 47571,1 to 3 Hours
ARST 47671,1 to 3 Hours
ARST 47871,3 Hours
ARST 48103,3 Hours
ARST 48203,3 Hours
ARST 48403,3 Hours
ARST 48603,3 Hours
ARST 60201,3 Hours
ARST 60307,3 Hours
ARST 60401,3 Hours
ARST 61101,3 Hours
ARST 62704,1 Hour
ARST 63250,1 Hour
ARST 63450,1 Hour
ARST 63650,1 Hour
ARST 67171,1 to 6 Hours
ARST 67271,1 to 6 Hours
ARST 67471,1 to 6 Hours
ARST 67571,1 to 6 Hours
ARST 67671,1 to 6 Hours
ARST 78706,1 to 10 Hours
ARST 78708,1 to 10 Hours
AS 10101,1 Hour
AS 11101,0 Hours
AS 20101,1 Hour
AS 21101,0 Hours
AS 30101,3 Hours
AS 31101,0 Hours
AS 40101,3 Hours
AS 41101,0 Hours
ASIA 10154,4 Hours
ASIA 13105,3 Hours
ASIA 17001,4 Hours
ASIA 20203,3 Hours
ASIA 20451,3 Hours
ASIA 20600,3 Hours
ASIA 30056,3 Hours
ASIA 30101,3 Hours
ASIA 30112,3 Hours
ASIA 30117,3 Hours
ASIA 30171,3 Hours
ASIA 30200,3 Hours
ASIA 30309,3 Hours
ASIA 30330,3 Hours
ASIA 30404,3 Hours
ASIA 30409,3 Hours
ASIA 30413,3 Hours
ASIA 30604,3 Hours
ASIA 33102,3 Hours
ASIA 33105,3 Hours
ASIA 36000,1 to 3 Hours
ASIA 40748,3 Hours
ASIA 43500,3 Hours
BAAL 20100,3 Hours
BAAL 20150,3 Hours
BAEG 20100,3 Hours
BAEG 20110,3 Hours
BAEG 20150,3 Hours
BAEG 30500,3 Hours
BAEG 30510,3 Hours
BAEG 41500,3 Hours
BALW 30100,3 Hours
BASC 20100,3 Hours
BASC 20150,3 Hours
BASC 20200,3 Hours
BASC 20250,3 Hours
BAUG 13100,1 Hour
BAUG 30100,3 Hours
BAUG 37000,1 Hour
BES 13188,3 Hours
BES 20702,3 Hours
BES 23000,1 Hour
BES 23002,1 Hour
BES 30310,3 Hours
BES 30792,3 Hours
BES 30795,3 Hours
BES 32792,0 Hours
BES 32795,0 Hours
BES 33100,3 Hours
BES 33200,1.5 Hours
BES 33702,1.5 Hours
BES 40470,3 Hours
BES 48000,1.5 Hours
BES 60400,3 Hours
BES 60405,0 Hours
BIOS 10115,3 Hours
BIOS 10119,3 Hours
BIOS 10169,0 Hours
BIOS 10170,0 Hours
BIOS 10171,3 Hours
BIOS 11173,1 Hour
BIOS 20204,1 Hour
BIOS 20250,4 Hours
BIOS 20300,1 Hour
BIOS 20303,3 Hours
BIOS 20401,3 Hours
BIOS 20450,3 Hours
BIOS 21250,2 Hours
BIOS 30305,3 Hours
BIOS 30312,3 Hours
BIOS 30318,3 Hours
BIOS 30325,3 Hours
BIOS 30341,3 Hours
BIOS 30344,3 Hours
BIOS 30401,3 Hours
BIOS 30404,3 Hours
BIOS 30410,3 Hours
BIOS 30413,3 Hours
BIOS 30420,4 Hours
BIOS 30455,3 Hours
BIOS 31312,2 Hours
BIOS 31341,1 Hour
BIOS 31401,1 Hour
BIOS 31404,1 Hour
BIOS 31420,0 Hours
BIOS 32318,0 Hours
BIOS 37492,Varies by section
BIOS 37493,0 to 2 Hours
BIOS 37494,1 to 2 Hours
BIOS 40202,3 Hours
BIOS 40309,3 Hours
BIOS 40419,3 Hours
BIOS 40420,3 Hours
BIOS 40450,3 Hours
BIOS 40451,1 Hour
BIOS 40491,3 Hours
BIOS 40507,3 Hours
BIOS 40550,2 Hours
BIOS 40571,1 to 3 Hours
BIOS 40573,3 Hours
BIOS 40580,3 Hours
BIOS 41344,1 Hour
BIOS 46497,1 to 3 Hours
BIOS 48498,1 to 3 Hours
BIOS 60310,3 Hours
BIOS 60318,3 Hours
BIOS 60401,3 Hours
BIOS 60419,3 Hours
BIOS 60420,3 Hours
BIOS 60531,3 Hours
BIOS 60539,3 Hours
BIOS 60543,1 to 3 Hours
BIOS 60550,2 Hours
BIOS 60552,3 Hours
BIOS 60562,4 Hours
BIOS 60568,3 Hours
BIOS 60570,Varies by section
BIOS 60571,1 to 3 Hours
BIOS 60573,3 Hours
BIOS 60575,1 to 3 Hours
BIOS 60576,1 to 3 Hours
BIOS 60578,3 Hours
BIOS 60581,1 to 3 Hours
BIOS 60582,1 Hour
BIOS 60601,1 Hour
BIOS 60610,3 Hours
BIOS 61562,0 Hours
BIOS 62318,0 Hours
BIOS 66600,1 to 4 Hours
BIOS 67500,0 Hours
BIOS 67672,2 Hours
BIOS 77675,1 to 4 Hours
BIOS 90590,3 Hours
BIOS 93651,1 Hour
BIOS 98699,1 to 12 Hours
BIOS 98700,1 to 9 Hours
BPHY 50401,3 Hours
BPHY 60640,3 Hours
BPHY 60690,3 Hours
BPHY 60850,3 Hours
BPHY 70003,3 Hours
BPHY 90601,1 Hour
BPHY 90603,1 Hour
BPHY 90625,3 Hours
BPHY 93601,1 Hour
BPHY 96697,1 to 9 Hours
BPHY 98698,1 to 9 Hours
CBE 20255,3 Hours
CBE 20261,3 Hours
CBE 20290,1 Hour
CBE 22255,0 Hours
CBE 28901,1 Hour
CBE 28980,1 Hour
CBE 30355,3 Hours
CBE 30357,3 Hours
CBE 30370,3 Hours
CBE 30386,3 Hours
CBE 31358,3 Hours
CBE 32370,0 Hours
CBE 40430,3 Hours
CBE 40445,3 Hours
CBE 40475,3 Hours
CBE 40483,3 Hours
CBE 40487,3 Hours
CBE 40731,3 Hours
CBE 40743,3 Hours
CBE 40910,0 Hours
CBE 41459,3 Hours
CBE 41910,3 Hours
CBE 46497,1 to 3 Hours
CBE 47099,0 to 3 Hours
CBE 48901,1 Hour
CBE 48902,3 Hours
CBE 48903,3 Hours
CBE 60000,0 Hours
CBE 60258,3 Hours
CBE 60445,3 Hours
CBE 60475,3 Hours
CBE 60483,3 Hours
CBE 60487,3 Hours
CBE 60542,3 Hours
CBE 60546,3 Hours
CBE 60553,3 Hours
CBE 60731,3 Hours
CBE 63001,1 Hour
CBE 66697,1 to 12 Hours
CBE 68901,0 to 12 Hours
CBE 68990,0 to 10 Hours
CBE 68991,0 to 10 Hours
CBE 98200,1 Hour
CDT 20100,3 Hours
CDT 20101,3 Hours
CDT 20110,3 Hours
CDT 20510,3 Hours
CDT 20701,3 Hours
CDT 20704,3 Hours
CDT 21100,1 Hour
CDT 21102,1 Hour
CDT 21110,0 Hours
CDT 27701,1 Hour
CDT 30010,3 Hours
CDT 30030,1 Hour
CDT 30110,3 Hours
CDT 30130,3 Hours
CDT 30135,3 Hours
CDT 30305,3 Hours
CDT 30510,3 Hours
CDT 30540,3 Hours
CDT 30614,3 Hours
CDT 30630,2 Hours
CDT 30665,3 Hours
CDT 30680,3 Hours
CDT 30709,3 Hours
CDT 30720,3 Hours
CDT 30728,3 Hours
CDT 30750,3 Hours
CDT 30797,3 Hours
CDT 31125,3 Hours
CDT 31140,3 Hours
CDT 31420,3 Hours
CDT 31425,3 Hours
CDT 37110,0 to 3 Hours
CDT 37200,1 to 3 Hours
CDT 37300,3 Hours
CDT 37410,1 to 3 Hours
CDT 37610,1 to 3 Hours
CDT 40200,3 Hours
CDT 40217,3 Hours
CDT 40220,3 Hours
CDT 40430,3 Hours
CDT 40610,3 Hours
CDT 40630,3 Hours
CDT 42216,3 Hours
CDT 70220,3 Hours
CE 20110,3 Hours
CE 20111,3 Hours
CE 20150,3 Hours
CE 20520,4 Hours
CE 20600,2 Hours
CE 21110,1 Hour
CE 21520,0 Hours
CE 23600,0.5 Hours
CE 28600,1 to 3 Hours
CE 30125,3 Hours
CE 30200,3 Hours
CE 30300,3 Hours
CE 30320,3 Hours
CE 30460,3 Hours
CE 30500,3 Hours
CE 30510,3.5 Hours
CE 31300,1 Hour
CE 31510,0 Hours
CE 33400,1 Hour
CE 33600,0.5 Hours
CE 35610,1 to 3 Hours
CE 40255,3 Hours
CE 40275,3 Hours
CE 40280,4 Hours
CE 40300,3 Hours
CE 40330,3 Hours
CE 40355,3 Hours
CE 40381,3 Hours
CE 40410,3 Hours
CE 40460,3 Hours
CE 40465,3 Hours
CE 40620,3 Hours
CE 40701,1 Hour
CE 40710,1 Hour
CE 43600,0.5 Hours
CE 45340,1 Hour
CE 45620,1 to 10 Hours
CE 45640,1 Hour
CE 47600,1 to 10 Hours
CE 47601,1 to 3 Hours
CE 47602,0 Hours
CE 47603,0 to 3 Hours
CE 48600,1 to 10 Hours
CE 50125,3 Hours
CE 60135,3 Hours
CE 60140,4 Hours
CE 60250,3 Hours
CE 60255,3 Hours
CE 60275,3 Hours
CE 60283,3 Hours
CE 60300,3 Hours
CE 60325,3 Hours
CE 60330,3 Hours
CE 60340,3 Hours
CE 60355,3 Hours
CE 60381,3 Hours
CE 60390,3 Hours
CE 60410,3 Hours
CE 60465,3 Hours
CE 60470,3 Hours
CE 60520,3 Hours
CE 60600,3 Hours
CE 60611,1 Hour
CE 60630,3 Hours
CE 60632,3 Hours
CE 60635,3 Hours
CE 60701,1 Hour
CE 60810,2 Hours
CE 62400,1 Hour
CE 63400,1 Hour
CE 67600,Varies by section
CE 68600,0 to 12 Hours
CE 68610,1 to 12 Hours
CE 78600,0 to 12 Hours
CE 78610,1 to 12 Hours
CE 98200,1 to 9 Hours
CHEM 10171,3 Hours
CHEM 10172,3 Hours
CHEM 10181,4 Hours
CHEM 11171,1 Hour
CHEM 11181,0 Hours
CHEM 12171,0 Hours
CHEM 12172,0 Hours
CHEM 12181,0 Hours
CHEM 13171,2 Hours
CHEM 20273,3 Hours
CHEM 20283,3 Hours
CHEM 21273,1 Hour
CHEM 21283,1 Hour
CHEM 23201,1 Hour
CHEM 23203,1 Hour
CHEM 23212,0 Hours
CHEM 23273,1 Hour
CHEM 30321,3 Hours
CHEM 30331,2 Hours
CHEM 30333,3 Hours
CHEM 30341,3 Hours
CHEM 31333,1 Hour
CHEM 31341,2 Hours
CHEM 40301,3 Hours
CHEM 40420,3 Hours
CHEM 40426,3 Hours
CHEM 40435,3 Hours
CHEM 40438,3 Hours
CHEM 40443,3 Hours
CHEM 40531,3 Hours
CHEM 40560,3 Hours
CHEM 40610,3 Hours
CHEM 40616,3 Hours
CHEM 40630,3 Hours
CHEM 40631,3 Hours
CHEM 40641,3 Hours
CHEM 40649,3 Hours
CHEM 41443,2 Hours
CHEM 46497,1 to 10 Hours
CHEM 48498,1 to 3 Hours
CHEM 48499,1 Hour
CHEM 48500,1 Hour
CHEM 50531,3 Hours
CHEM 60435,3 Hours
CHEM 60438,3 Hours
CHEM 60520,3 Hours
CHEM 60526,1 Hour
CHEM 60527,1 Hour
CHEM 60531,3 Hours
CHEM 60533,3 Hours
CHEM 60560,3 Hours
CHEM 60610,3 Hours
CHEM 60630,3 Hours
CHEM 60631,3 Hours
CHEM 60640,3 Hours
CHEM 60641,3 Hours
CHEM 60649,3 Hours
CHEM 63603,2 Hours
CHEM 78599,0 to 12 Hours
CHEM 90616,3 Hours
CHEM 90625,3 Hours
CHEM 90627,2 Hours
CHEM 90648,2 to 3 Hours
CHEM 90697,1 to 12 Hours
CHEM 93601,0 Hours
CHEM 93611,1 Hour
CHEM 93621,1 Hour
CHEM 93635,1 Hour
CHEM 93643,1 Hour
CHEM 93651,1 Hour
CHEM 98200,1 Hour
CHEM 98698,0 to 15 Hours
CHEM 98699,0 to 12 Hours
CHEM 98700,0 to 9 Hours
CHR 20228,3 Hours
CHR 30708,3 Hours
CHR 30709,3 Hours
CHR 30711,1 Hour
CHR 30717,3 Hours
CHR 30718,3 Hours
CHR 30730,3 Hours
CHR 30731,3 Hours
CHR 30732,3 Hours
CHR 30733,3 Hours
CHR 33702,3 Hours
CHR 60700,1 Hour
CLAS 13186,3 Hours
CLAS 20202,3 Hours
CLAS 20350,3 Hours
CLAS 22202,0 Hours
CLAS 22350,0 Hours
CLAS 30360,3 Hours
CLAS 40304,3 Hours
CLAS 46801,1 to 3 Hours
CLAS 50102,1 Hour
CLAS 60036,3 Hours
CLAS 60304,3 Hours
CLAS 63019,3 Hours
CLAS 63500,1 Hour
CLAS 66801,1 to 3 Hours
CLAS 78596,3 Hours
CLAS 78599,1 to 6 Hours
CLGR 10001,4 Hours
CLGR 20003,3 Hours
CLGR 30050,3 Hours
CLGR 40510,3 Hours
CLGR 46801,1 to 4 Hours
CLGR 60001,4 Hours
CLGR 60003,3 Hours
CLGR 60050,3 Hours
CLGR 60510,3 Hours
CLGR 66801,1 to 4 Hours
CLLA 10001,4 Hours
CLLA 10002,4 Hours
CLLA 20003,3 Hours
CLLA 20500,3 Hours
CLLA 30014,3 Hours
CLLA 40016,3 Hours
CLLA 40043,3 Hours
CLLA 46801,1 to 4 Hours
CLLA 60001,4 Hours
CLLA 60002,4 Hours
CLLA 60003,3 Hours
CLLA 60014,3 Hours
CLLA 60016,3 Hours
CLLA 60043,3 Hours
CLLA 60120,3 Hours
CLLA 60500,3 Hours
CLLA 66801,1 to 4 Hours
CNST 20003,3 Hours
CNST 20200,3 Hours
CNST 20403,3 Hours
CNST 20405,3 Hours
CNST 20602,3 Hours
CNST 30004,3 Hours
CNST 30006,3 Hours
CNST 30013,3 Hours
CNST 30022,3 Hours
CNST 30215,3 Hours
CNST 30227,3 Hours
CNST 30245,3 Hours
CNST 30255,3 Hours
CNST 30402,3 Hours
CNST 30403,3 Hours
CNST 30404,3 Hours
CNST 30405,3 Hours
CNST 30420,3 Hours
CNST 30423,3 Hours
CNST 30428,3 Hours
CNST 30434,3 Hours
CNST 30605,3 Hours
CNST 30615,3 Hours
CNST 30622,3 Hours
CNST 30645,3 Hours
CNST 30646,3 Hours
CNST 30647,3 Hours
CNST 30700,3 Hours
CNST 33200,3 Hours
CNST 33902,1 Hour
CNST 40606,3 Hours
CNST 50002,3 Hours
CSC 23200,1 Hour
CSC 23911,1 Hour
CSC 30718,3 Hours
CSC 30856,3 Hours
CSC 30951,3 Hours
CSC 30953,3 Hours
CSC 33308,1 Hour
CSC 33309,1 Hour
CSC 33310,3 Hours
CSC 33311,3 Hours
CSC 33312,1 Hour
CSC 33313,3 Hours
CSC 33314,3 Hours
CSC 33950,1 Hour
CSC 33958,1 Hour
CSC 33997,3 Hours
CSC 63312,1 Hour
CSC 63997,3 Hours
CSE 10001,3 Hours
CSE 10101,3 Hours
CSE 20110,3 Hours
CSE 20133,3 Hours
CSE 20221,3 Hours
CSE 20232,3 Hours
CSE 20289,3 Hours
CSE 20311,4 Hours
CSE 20312,4 Hours
CSE 20600,1 to 3 Hours
CSE 21311,0 Hours
CSE 21312,0 Hours
CSE 28901,1 to 3 Hours
CSE 30124,3 Hours
CSE 30125,3 Hours
CSE 30151,3 Hours
CSE 30246,3 Hours
CSE 30321,3 Hours
CSE 30332,3 Hours
CSE 30341,3 Hours
CSE 30342,3 Hours
CSE 30600,1 to 3 Hours
CSE 30872,3 Hours
CSE 40113,3 Hours
CSE 40166,3 Hours
CSE 40175,3 Hours
CSE 40243,3 Hours
CSE 40424,3 Hours
CSE 40522,4 Hours
CSE 40535,3 Hours
CSE 40600,1 to 3 Hours
CSE 40625,3 Hours
CSE 40655,3 Hours
CSE 40657,3 Hours
CSE 40693,3 Hours
CSE 40770,3 Hours
CSE 40883,3 Hours
CSE 40923,3 Hours
CSE 40932,3 Hours
CSE 48901,1 to 4 Hours
CSE 60166,3 Hours
CSE 60243,3 Hours
CSE 60424,3 Hours
CSE 60427,3 Hours
CSE 60535,3 Hours
CSE 60641,3 Hours
CSE 60657,3 Hours
CSE 60745,3 Hours
CSE 60749,3 Hours
CSE 60770,3 Hours
CSE 60923,3 Hours
CSE 60932,3 Hours
CSE 63801,1 Hour
CSE 68901,0 to 9 Hours
CSE 68905,1 to 9 Hours
CSE 98901,0 to 9 Hours
CSE 98995,1 to 9 Hours
CSEM 23101,3 Hours
CSLC 10101,4 Hours
CSLC 10102,4 Hours
CSLC 10151,3 to 6 Hours
CSLC 10152,4 Hours
CSLC 10154,4 Hours
CSLC 11203,0 to 2 Hours
CSLC 11204,0 to 2 Hours
CSLC 11301,0 to 3 Hours
CSLC 13002,3 Hours
CSLC 17001,4 Hours
CSLC 20201,3 Hours
CSLC 20223,3 Hours
CSLC 20301,3 Hours
CSLC 20304,3 Hours
CSLC 30102,3 Hours
CSLC 48000,3 Hours
CSLC 60001,4 Hours
CSLC 60002,4 Hours
CSLC 60102,3 Hours
CSLC 60151,4 Hours
CSLC 60152,4 Hours
CSLC 60154,4 Hours
CSLC 60155,4 Hours
CSLC 60201,3 Hours
CSLC 60223,3 Hours
CSLC 60304,3 Hours
CSLC 61203,0 to 2 Hours
CSLC 61204,0 to 2 Hours
CSLC 61301,0 to 3 Hours
CSLC 61303,0 to 2 Hours
CSLC 63000,1 Hour
CSLC 73002,3 Hours
CSLC 73005,3 Hours
CST 20619,3 Hours
CST 23470,3 Hours
CST 30505,3 Hours
CST 30552,3 Hours
CST 30555,3 Hours
CST 30856,3 Hours
CST 30951,3 Hours
CST 30953,3 Hours
CST 30999,3 Hours
CST 33001,3 Hours
CST 33310,3 Hours
CST 33311,3 Hours
CST 33950,1 Hour
CST 40999,3 Hours
CST 45100,1 or 3 Hours
CST 46100,3 Hours
CST 47100,1 to 3 Hours
DESN 20101,3 Hours
DESN 20115,3 Hours
DESN 20120,3 Hours
DESN 20200,3 Hours
DESN 20201,3 Hours
DESN 20203,3 Hours
DESN 20205,3 Hours
DESN 21102,1 Hour
DESN 21202,1 Hour
DESN 21203,0 Hours
DESN 30101,3 Hours
DESN 30111,3 Hours
DESN 30131,3 Hours
DESN 30140,3 Hours
DESN 30200,3 Hours
DESN 30204,3 Hours
DESN 30209,3 Hours
DESN 30210,3 Hours
DESN 40100,3 Hours
DESN 40101,3 Hours
DESN 45310,1 to 3 Hours
DESN 46173,1 to 3 Hours
DESN 46271,1 to 2 Hours
DESN 47171,1 to 3 Hours
DESN 47271,1 to 3 Hours
DESN 47871,3 Hours
DESN 48101,3 Hours
DESN 48201,3 Hours
DESN 60204,3 Hours
DESN 63350,1 Hour
DESN 67171,1 to 6 Hours
DESN 67271,1 to 6 Hours
DESN 78310,0 Hours
DESN 78706,1 to 10 Hours
DMA 80101,3 Hours
DMA 80102,1 Hour
DMA 80103,1 Hour
DMA 80106,3 Hours
DMA 80401,3 Hours
DMA 80404,3 Hours
DMA 80650,2 Hours
DMA 81301,3 Hours
DMA 81302,1 to 2 Hours
DMA 81303,1 to 2 Hours
DMA 81305,1 to 2 Hours
DMA 81306,1 to 2 Hours
DMA 81308,1 to 2 Hours
DMA 81310,0 Hours
DMA 81341,3 Hours
DMA 81342,1 to 2 Hours
DMA 83115,3 Hours
DMA 83401,2 Hours
DMA 85000,0 Hours
DMA 87900,1 to 3 Hours
DMA 87905,0 Hours
DMA 88390,0 Hours
DMA 88690,0 to 12 Hours
DMA 98501,0 to 12 Hours
DS 60501,1.5 Hours
DS 60502,1.5 Hours
DS 60505,3 Hours
DS 60632,2 Hours
DS 60642,3 Hours
DS 60645,1 Hour
EALC 10002,3 Hours
EALC 10111,3 Hours
EALC 11111,Varies by section
EALC 20211,3 Hours
EALC 21211,2 Hours
EALC 30002,1 Hour
EALC 30311,3 Hours
EALC 40411,3 Hours
EALC 40451,1 Hour
EALC 41411,1 Hour
EALC 50511,3 Hours
EALJ 10002,3 Hours
EALJ 10111,3 Hours
EALJ 10151,1 Hour
EALJ 11111,2 Hours
EALJ 20211,3 Hours
EALJ 20251,1 Hour
EALJ 21211,2 Hours
EALJ 30311,3 Hours
EALJ 40454,1 Hour
EALK 10002,3 Hours
EALK 10111,3 Hours
EALK 11111,2 Hours
EALK 20211,3 Hours
EALK 21211,2 Hours
EALK 60002,3 Hours
EALK 60111,3 Hours
EALK 61111,2 Hours
ECON 10010,3 Hours
ECON 10020,3 Hours
ECON 13181,3 Hours
ECON 20010,3 Hours
ECON 20020,3 Hours
ECON 30010,3 Hours
ECON 30020,3 Hours
ECON 30160,3 Hours
ECON 30200,3 Hours
ECON 30331,3 Hours
ECON 30335,1 Hour
ECON 30340,4 Hours
ECON 30401,3 Hours
ECON 30450,3 Hours
ECON 30532,3 Hours
ECON 30565,3 Hours
ECON 32340,0 Hours
ECON 33250,3 Hours
ECON 33580,3 Hours
ECON 36950,1 to 3 Hours
ECON 40050,3 Hours
ECON 40060,3 Hours
ECON 40100,3 Hours
ECON 40150,3 Hours
ECON 40354,3 Hours
ECON 40355,1 Hour
ECON 40357,3 Hours
ECON 40415,3 Hours
ECON 40720,3 Hours
ECON 43025,3 Hours
ECON 43260,3 Hours
ECON 43330,3 Hours
ECON 43565,3 Hours
ECON 43570,3 Hours
ECON 43810,3 Hours
ECON 43962,3 Hours
ECON 47950,1 to 3 Hours
ECON 47970,3 Hours
ECON 48100,3 Hours
ECON 48600,3 Hours
ECON 60101,4.5 Hours
ECON 60201,4.5 Hours
ECON 60302,4.5 Hours
ECON 62101,0 Hours
ECON 62201,0 Hours
ECON 62302,0 Hours
ECON 63270,1 Hour
ECON 70303,3 Hours
ECON 70304,3 Hours
ECON 70305,1.5 Hours
ECON 70431,1.5 Hours
ECON 70433,1.5 Hours
ECON 70569,3 Hours
ECON 70571,1.5 Hours
ECON 70601,3 Hours
ECON 70604,1.5 Hours
ECON 70614,1.5 Hours
ECON 70802,3 Hours
ECON 70803,3 Hours
ECON 70804,3 Hours
ECON 70805,3 Hours
ECON 73003,3 Hours
ECON 73004,3 Hours
ECON 73005,3 Hours
ECON 73012,3 Hours
ECON 73901,1 to 12 Hours
ECON 76911,1 to 12 Hours
ECON 77390,1 to 9 Hours
ECON 77911,0.5 to 12 Hours
EDU 60172,1 Hour
EDU 60715,1 Hour
EDU 60735,1 Hour
EDU 60775,1 Hour
EDU 60795,1 Hour
EDU 60885,2 Hours
EDU 63501,2 Hours
EDU 63502,3 Hours
EDU 65930,1 Hour
EDU 65950,2 Hours
EDU 67980,1 to 3 Hours
EDU 70120,3 Hours
EDU 70130,3 Hours
EDU 70207,4 Hours
EDU 73630,2 Hours
EDU 73632,2 Hours
EDU 75110,3 Hours
EDU 75111,3 Hours
EDU 75112,3 Hours
EDU 75120,3 Hours
EDU 75201,1 Hour
EDU 75621,1 Hour
EDU 75623,1 Hour
EDU 75630,2 Hours
EDU 75632,2 Hours
EDU 75650,0 Hours
EDU 75655,0 Hours
EDU 76111,3 Hours
EDU 76112,3 Hours
EDU 76113,3 Hours
EE 20100,3 Hours
EE 21100,0 Hours
EE 28499,1 to 12 Hours
EE 30025,3 Hours
EE 30043,3 Hours
EE 30076,3 Hours
EE 30122,3 Hours
EE 30132,3 Hours
EE 30142,3 Hours
EE 30152,3 Hours
EE 40024,4 Hours
EE 40063,4 Hours
EE 41024,0 Hours
EE 41063,0 Hours
EE 41430,3 Hours
EE 48499,1 to 10 Hours
EE 60063,3 Hours
EE 60550,3 Hours
EE 60556,3 Hours
EE 60563,3 Hours
EE 60587,3 Hours
EE 60671,3 Hours
EE 61063,0 Hours
EE 63030,1 Hour
EE 63502,1 Hour
EE 67001,1 to 12 Hours
EE 67056,3 Hours
EE 67062,3 Hours
EE 67070,3 Hours
EE 67074,3 Hours
EE 67598,3 Hours
EE 68599,0 to 12 Hours
EE 80603,3 Hours
EE 80688,3 Hours
EE 80690,3 Hours
EE 88500,3 Hours
EE 88699,0 to 12 Hours
EE 88700,0 to 9 Hours
EG 10117,3 Hours
EG 10350,3 Hours
EG 16001,1 Hour
EG 20300,1 Hour
EG 21243,1 Hour
EG 30010,1 Hour
EG 31243,1 Hour
EG 35101,1 to 3 Hours
EG 40421,3 Hours
EG 40423,0.5 Hours
EG 40424,0.5 Hours
EG 40425,0.5 Hours
EG 41243,1 Hour
EG 60500,1 Hour
EG 67501,1 Hour
ENER 20333,3 Hours
ENER 30131,3 Hours
ENER 37001,1 Hour
ENER 37003,0.5 Hours
ENER 37004,0.5 Hours
ENER 40405,3 Hours
ENER 40530,3 Hours
ENGL 13186,3 Hours
ENGL 20000,3 Hours
ENGL 20001,3 Hours
ENGL 20002,3 Hours
ENGL 20008,3 Hours
ENGL 20023,3 Hours
ENGL 20170,3 Hours
ENGL 20290,3 Hours
ENGL 20301,3 Hours
ENGL 20305,3 Hours
ENGL 20321,3 Hours
ENGL 20381,3 Hours
ENGL 20436,3 Hours
ENGL 20560,3 Hours
ENGL 20680,3 Hours
ENGL 20720,3 Hours
ENGL 20760,3 Hours
ENGL 20791,3 Hours
ENGL 20836,3 Hours
ENGL 20960,3 Hours
ENGL 22760,0 Hours
ENGL 27760,1.5 Hours
ENGL 30101,3 Hours
ENGL 30110,3 Hours
ENGL 30115,3 Hours
ENGL 30120,3 Hours
ENGL 30490,3 Hours
ENGL 30591,3 Hours
ENGL 30851,3 Hours
ENGL 30853,3 Hours
ENGL 30857,3 Hours
ENGL 40203,3 Hours
ENGL 40206,3 Hours
ENGL 40233,3 Hours
ENGL 40234,3 Hours
ENGL 40292,3 Hours
ENGL 40371,3 Hours
ENGL 40450,3 Hours
ENGL 40544,3 Hours
ENGL 40555,3 Hours
ENGL 40750,3 Hours
ENGL 40758,3 Hours
ENGL 40766,3 Hours
ENGL 40771,3 Hours
ENGL 40850,3 Hours
ENGL 40852,3 Hours
ENGL 40855,3 Hours
ENGL 40873,3 Hours
ENGL 40970,3 Hours
ENGL 41206,0 Hours
ENGL 47999,1 to 3 Hours
ENGL 48000,1 to 3 Hours
ENGL 53001,3 Hours
ENGL 53002,3 Hours
ENGL 58999,3 Hours
ENGL 90007,3 Hours
ENGL 90013,3 Hours
ENGL 90038,3 Hours
ENGL 90092,1.5 Hours
ENGL 90131,3 Hours
ENGL 90220,3 Hours
ENGL 90259,3 Hours
ENGL 90278,3 Hours
ENGL 90346,3 Hours
ENGL 90541,3 Hours
ENGL 90690,3 Hours
ENGL 90791,3 Hours
ENGL 90870,3 Hours
ENGL 91200,0 Hours
ENGL 92004,1.5 Hours
ENGL 92006,1.5 Hours
ENGL 92007,1.5 Hours
ENGL 93201,0 Hours
ENGL 93250,0 Hours
ENGL 93351,0 Hours
ENGL 93401,0 Hours
ENGL 93701,0 Hours
ENGL 94013,1.5 Hours
ENGL 96001,1 to 9 Hours
ENGL 96002,3 Hours
ENGL 97001,Varies by section
ENGL 98000,1 Hour
ENGL 98001,3 Hours
ENGL 98600,1 to 9 Hours
ENGL 98601,0 to 9 Hours
ESS 20202,3 Hours
ESS 20203,3 Hours
ESS 20600,3 Hours
ESS 20674,3 Hours
ESS 21203,0 Hours
ESS 30134,3 Hours
ESS 30217,3 Hours
ESS 30401,3 Hours
ESS 30414,3 Hours
ESS 30504,3 Hours
ESS 30605,3 Hours
ESS 30614,3 Hours
ESS 30628,3 Hours
ESS 30629,3 Hours
ESS 30638,3 Hours
ESS 30640,3 Hours
ESS 30641,3 Hours
ESS 30642,3 Hours
ESS 30670,4 Hours
ESS 30674,3 Hours
ESS 30680,3 Hours
ESS 30711,1 Hour
ESS 33220,3 Hours
ESS 33523,3 Hours
ESS 33600,3 Hours
ESS 33613,3 Hours
ESS 33638,3 Hours
ESS 33702,3 Hours
ESS 35623,3 Hours
ESS 36615,1 to 3 Hours
ESS 40647,3 Hours
ESS 41840,1 Hour
ESS 43640,3 Hours
ESS 45600,2 Hours
ESS 47602,1 to 3 Hours
ESTM 60102,1.5 Hours
ESTM 60105,1 Hour
ESTM 60207,0.5 Hours
ESTM 60217,1 Hour
ESTM 60219,0.5 Hours
ESTM 60227,3 Hours
ESTM 60238,1.5 Hours
ESTM 60239,1 Hour
ESTM 61000,3 Hours
ESTM 63604,0.5 Hours
ESTM 63607,1.5 Hours
ESTM 68302,3.5 Hours
EURO 20249,3 Hours
EURO 30055,3 Hours
EURO 30102,1 Hour
EURO 30129,3 Hours
EURO 30207,3 Hours
EURO 30241,3 Hours
EURO 30314,3 Hours
EURO 30350,3 Hours
EURO 30454,3 Hours
EURO 30985,3 Hours
EURO 33000,3 Hours
EURO 33025,3 Hours
EURO 33500,3 Hours
EURO 33702,1.5 Hours
EURO 40512,3 Hours
EURO 48001,3 Hours
FIN 20150,3 Hours
FIN 30210,3 Hours
FIN 30220,3 Hours
FIN 30400,3 Hours
FIN 30600,3 Hours
FIN 40450,3 Hours
FIN 40460,3 Hours
FIN 40470,3 Hours
FIN 40521,3 Hours
FIN 40610,3 Hours
FIN 40640,6 Hours
FIN 40670,3 Hours
FIN 40680,3 Hours
FIN 40685,3 Hours
FIN 40690,3 Hours
FIN 40710,3 Hours
FIN 40830,3 Hours
FTT 13182,3 Hours
FTT 20101,3 Hours
FTT 20477,3 Hours
FTT 20720,3 Hours
FTT 20801,3 Hours
FTT 21001,3 Hours
FTT 21101,0 Hours
FTT 22101,0 Hours
FTT 30050,1 Hour
FTT 30103,1 Hour
FTT 30118,3 Hours
FTT 30140,3 Hours
FTT 30143,3 Hours
FTT 30150,3 Hours
FTT 30162,3 Hours
FTT 30186,3 Hours
FTT 30201,3 Hours
FTT 30205,3 Hours
FTT 30238,3 Hours
FTT 30408,3 Hours
FTT 30410,3 Hours
FTT 30428,3 Hours
FTT 30455,3 Hours
FTT 30456,3 Hours
FTT 30461,3 Hours
FTT 30520,3 Hours
FTT 30603,3 Hours
FTT 30635,3 Hours
FTT 30665,1 Hour
FTT 30708,3 Hours
FTT 30714,3 Hours
FTT 30801,3 Hours
FTT 30809,3 Hours
FTT 30820,1 Hour
FTT 31001,3 Hours
FTT 31005,1 to 3 Hours
FTT 31201,0 Hours
FTT 31410,0 Hours
FTT 31456,0 Hours
FTT 31665,0 Hours
FTT 35501,1 to 3 Hours
FTT 35502,0 to 1 Hours
FTT 37600,0 to 1 Hours
FTT 40012,3 Hours
FTT 40023,1 to 3 Hours
FTT 40024,3 Hours
FTT 40052,3 Hours
FTT 40125,3 Hours
FTT 40306,3 Hours
FTT 40335,3 Hours
FTT 40405,3 Hours
FTT 40410,3 Hours
FTT 40411,3 Hours
FTT 40469,3 Hours
FTT 40512,3 Hours
FTT 40600,3 Hours
FTT 40702,1 to 3 Hours
FTT 41001,3 Hours
FTT 41052,0 Hours
FTT 41469,0 Hours
FTT 41600,0 Hours
FTT 41702,0 Hours
FTT 43610,1 Hour
FTT 46000,1 to 3 Hours
FTT 46001,1 to 3 Hours
FTT 46020,0 to 3 Hours
FTT 47601,1 to 3 Hours
FTT 48000,1 to 3 Hours
FTT 60408,3 Hours
FTT 60410,3 Hours
FTT 60455,3 Hours
FTT 60456,3 Hours
FTT 60702,1 to 3 Hours
FTT 60801,3 Hours
FTT 60809,3 Hours
FTT 61410,0 Hours
FTT 61456,0 Hours
FTT 61702,0 Hours
FTT 67601,0 to 1 Hours
FYS 10000,0 Hours
FYS 10010,1.5 Hours
FYS 10101,1 Hour
FYS 10102,1 Hour
FYS 10405,1 Hour
FYS 10422,1 Hour
FYS 10900,1 Hour
FYS 12422,1 Hour
GE 10101,4 Hours
GE 10102,4 Hours
GE 13186,3 Hours
GE 20201,3 Hours
GE 20202,3 Hours
GE 20453,3 Hours
GE 26100,2 Hours
GE 30008,3 Hours
GE 30303,3 Hours
GE 30305,3 Hours
GE 32302,1 Hour
GE 33025,3 Hours
GE 33245,3 Hours
GE 43201,3 Hours
GE 46102,3 Hours
GE 48499,3 Hours
GE 60102,3 Hours
GE 60202,3 Hours
GH 20550,3 Hours
GH 60206,3 Hours
GH 60545,1 Hour
GH 60581,3 Hours
GH 60591,1 Hour
GH 60605,3 Hours
GH 60607,1 Hour
GH 60610,3 Hours
GH 60613,3 Hours
GH 60711,1 Hour
GH 60826,3 Hours
GH 68550,1 Hour
GLAF 10001,3 Hours
GLAF 10003,3 Hours
GLAF 20001,3 Hours
GLAF 20002,3 Hours
GLAF 20102,3 Hours
GLAF 20103,3 Hours
GLAF 20104,3 Hours
GLAF 20105,3 Hours
GLAF 20106,3 Hours
GLAF 20107,3 Hours
GLAF 20108,3 Hours
GLAF 30100,3 Hours
GLAF 30102,3 Hours
GLAF 30104,3 Hours
GLAF 30105,3 Hours
GLAF 30110,3 Hours
GLAF 30112,3 Hours
GLAF 30113,3 Hours
GLAF 30114,3 Hours
GLAF 30115,1 Hour
GLAF 30128,3 Hours
GLAF 30129,3 Hours
GLAF 30131,3 Hours
GLAF 30132,3 Hours
GLAF 30133,3 Hours
GLAF 30135,3 Hours
GLAF 30136,3 Hours
GLAF 30137,3 Hours
GLAF 30138,3 Hours
GLAF 30139,3 Hours
GLAF 30605,3 Hours
GLAF 30901,1 Hour
GLAF 30902,1 Hour
GLAF 33100,3 Hours
GLAF 33101,3 Hours
GLAF 40100,3 Hours
GLAF 40107,3 Hours
GLAF 40112,1 Hour
GLAF 46000,3 Hours
GRED 60680,3 Hours
GRED 60802,1 Hour
GRED 70555,1 Hour
GSC 10001,3 Hours
GSC 13181,3 Hours
GSC 20101,3 Hours
GSC 20429,3 Hours
GSC 20466,3 Hours
GSC 20517,3 Hours
GSC 20542,3 Hours
GSC 20601,3 Hours
GSC 20680,3 Hours
GSC 30111,3 Hours
GSC 30297,3 Hours
GSC 30309,3 Hours
GSC 30637,3 Hours
GSC 30663,3 Hours
GSC 30664,3 Hours
GSC 30667,3 Hours
GSC 30676,3 Hours
GSC 30677,3 Hours
GSC 30702,3 Hours
GSC 30951,3 Hours
GSC 33025,3 Hours
GSC 35000,3 Hours
GSC 35650,3 Hours
GSC 40001,3 Hours
GSC 40234,3 Hours
GSC 40585,3 Hours
GSC 40873,3 Hours
GSC 40970,3 Hours
GSC 43000,3 Hours
GSC 43525,3 Hours
GSC 43540,3 Hours
GSC 43810,3 Hours
GSC 46000,3 Hours
GSC 47000,3 Hours
GSC 48000,3 Hours
GSC 48001,3 Hours
GSC 60001,3 Hours
GSC 60701,3 Hours
GSC 63000,3 Hours
GSC 83540,3 Hours
GSC 90870,3 Hours
HESB 10010,3 Hours
HESB 20000,3 Hours
HESB 20002,3 Hours
HESB 20010,3 Hours
HESB 20211,3 Hours
HESB 20218,3 Hours
HESB 20219,3 Hours
HESB 20220,3 Hours
HESB 20222,3 Hours
HESB 20223,3 Hours
HESB 20225,3 Hours
HESB 20227,3 Hours
HESB 20228,3 Hours
HESB 20229,3 Hours
HESB 20440,3 Hours
HESB 30091,0.5 Hours
HESB 30092,3 Hours
HESB 30101,3 Hours
HESB 30103,3 Hours
HESB 30104,4 Hours
HESB 30110,3 Hours
HESB 30210,3 Hours
HESB 30261,3 Hours
HESB 30284,3 Hours
HESB 30286,3 Hours
HESB 30300,3 Hours
HESB 30301,3 Hours
HESB 30303,3 Hours
HESB 30313,3 Hours
HESB 30314,3 Hours
HESB 30348,3 Hours
HESB 30352,3 Hours
HESB 30354,3 Hours
HESB 30383,3 Hours
HESB 30384,3 Hours
HESB 30385,3 Hours
HESB 30389,3 Hours
HESB 30392,3 Hours
HESB 30427,3 Hours
HESB 30520,3 Hours
HESB 30568,3 Hours
HESB 30588,3 Hours
HESB 30595,3 Hours
HESB 30618,3 Hours
HESB 30626,3 Hours
HESB 30658,3 Hours
HESB 30660,3 Hours
HESB 30675,3 Hours
HESB 40102,3 Hours
HESB 40103,3 Hours
HESB 40111,3 Hours
HESB 40112,3 Hours
HESB 43524,3 Hours
HESB 43541,3 Hours
HESB 43899,3 Hours
HESB 48000,3 Hours
HHS 10722,3 Hours
HHS 20033,3 Hours
HHS 20203,3 Hours
HHS 20210,3 Hours
HHS 20228,3 Hours
HHS 20342,3 Hours
HHS 20555,3 Hours
HHS 20557,3 Hours
HHS 20806,3 Hours
HHS 20870,3 Hours
HHS 30014,3 Hours
HHS 30111,3 Hours
HHS 30119,3 Hours
HHS 30192,3 Hours
HHS 30200,3 Hours
HHS 30308,3 Hours
HHS 30311,3 Hours
HHS 30424,3 Hours
HHS 30532,3 Hours
HHS 30558,3 Hours
HHS 30565,3 Hours
HHS 30605,3 Hours
HHS 30629,3 Hours
HHS 30800,3 Hours
HHS 30856,3 Hours
HHS 30910,3 Hours
HHS 33613,3 Hours
HHS 40313,3 Hours
HHS 43102,3 Hours
HHS 43318,3 Hours
HHS 43839,3 Hours
HHS 46497,1 to 3 Hours
HHS 48497,1 to 3 Hours
HHS 50405,3 Hours
HIST 10750,3 Hours
HIST 13184,3 Hours
HIST 20052,3 Hours
HIST 20191,3 Hours
HIST 20200,3 Hours
HIST 20202,3 Hours
HIST 20355,3 Hours
HIST 20451,3 Hours
HIST 20901,3 Hours
HIST 22191,0 Hours
HIST 22200,0 Hours
HIST 22355,0 Hours
HIST 22407,0 Hours
HIST 22901,0 Hours
HIST 30008,3 Hours
HIST 30014,3 Hours
HIST 30056,3 Hours
HIST 30057,3 Hours
HIST 30059,3 Hours
HIST 30087,3 Hours
HIST 30089,3 Hours
HIST 30105,3 Hours
HIST 30171,3 Hours
HIST 30201,3 Hours
HIST 30297,3 Hours
HIST 30304,3 Hours
HIST 30340,3 Hours
HIST 30407,3 Hours
HIST 30412,3 Hours
HIST 30445,3 Hours
HIST 30450,3 Hours
HIST 30454,3 Hours
HIST 30524,3 Hours
HIST 30621,3 Hours
HIST 30634,3 Hours
HIST 30638,3 Hours
HIST 30640,3 Hours
HIST 30653,3 Hours
HIST 30700,3 Hours
HIST 30762,3 Hours
HIST 30856,3 Hours
HIST 30907,3 Hours
HIST 30910,3 Hours
HIST 30912,3 Hours
HIST 30949,3 Hours
HIST 30950,3 Hours
HIST 30951,3 Hours
HIST 30985,3 Hours
HIST 32908,3 Hours
HIST 33000,3 Hours
HIST 35355,3 Hours
HIST 35524,3 Hours
HIST 35637,3 Hours
HIST 35650,3 Hours
HIST 35978,3 Hours
HIST 35995,3 Hours
HIST 41000,1 to 3 Hours
HIST 46000,Varies by section
HIST 48000,3 Hours
HIST 53002,3 Hours
HIST 53605,3 Hours
HIST 58003,3 Hours
HIST 60020,3 Hours
HIST 60210,3 Hours
HIST 63041,3 Hours
HIST 65637,3 Hours
HIST 83000,3 Hours
HIST 83002,0 Hours
HIST 83005,3 Hours
HIST 83215,3 Hours
HIST 83605,3 Hours
HIST 83670,3 Hours
HIST 83680,3 Hours
HIST 86000,1 to 3 Hours
HIST 93605,3 Hours
HIST 97000,1 to 9 Hours
HIST 98200,1 Hour
HIST 98699,0 to 9 Hours
HIST 98700,1 to 9 Hours
HPS 60036,3 Hours
HPS 78599,0 to 12 Hours
HPS 78600,0 to 12 Hours
HPS 80000,3 Hours
HPS 83000,3 Hours
HPS 83100,1 Hour
HPS 83601,3 Hours
HPS 83668,3 Hours
HPS 83801,3 Hours
HPS 90524,3 Hours
HPS 90791,3 Hours
HPS 93605,3 Hours
HPS 93894,3 Hours
HPS 96697,1 to 12 Hours
HPS 98699,0 to 12 Hours
HPS 98700,0 to 12 Hours
IBMS 93601,1 Hour
IBMS 93602,1 Hour
IBMS 96697,1 to 9 Hours
IBMS 98698,0 to 9 Hours
IDS 20500,3 Hours
IDS 30421,3 Hours
IDS 30423,3 Hours
IDS 30513,3 Hours
IDS 30552,3 Hours
IDS 30558,3 Hours
IDS 30588,3 Hours
IDS 30589,3 Hours
IDS 30600,3 Hours
IDS 30833,3 Hours
IDS 30835,3 Hours
IDS 30843,3 Hours
IDS 30844,3 Hours
IDS 40800,3 Hours
IDS 43000,3 Hours
IIPS 20101,3 Hours
IIPS 20501,3 Hours
IIPS 20506,3 Hours
IIPS 20507,3 Hours
IIPS 20701,3 Hours
IIPS 23401,3 Hours
IIPS 30206,3 Hours
IIPS 30304,3 Hours
IIPS 30308,3 Hours
IIPS 30424,3 Hours
IIPS 30428,3 Hours
IIPS 30435,3 Hours
IIPS 30437,3 Hours
IIPS 30439,3 Hours
IIPS 30493,3 Hours
IIPS 30521,3 Hours
IIPS 30924,3 Hours
IIPS 30925,3 Hours
IIPS 30945,3 Hours
IIPS 33101,3 Hours
IIPS 33204,3 Hours
IIPS 36000,1 to 3 Hours
IIPS 40101,1 Hour
IIPS 40413,3 Hours
IIPS 40416,3 Hours
IIPS 40609,3 Hours
IIPS 40800,3 Hours
IIPS 43101,3 Hours
IIPS 43501,3 Hours
IIPS 45000,1 Hour
IIPS 46000,1 to 3 Hours
IIPS 47000,1 to 3 Hours
IIPS 48000,1 to 3 Hours
IIPS 50405,3 Hours
IIPS 50406,3 Hours
IIPS 60100,3 Hours
IIPS 60227,3 Hours
IIPS 66100,1 to 3 Hours
IIPS 70218,3 Hours
IIPS 80103,3 Hours
IIPS 80202,3 Hours
IIPS 80220,3 Hours
IIPS 83100,3 Hours
IIPS 83200,3 Hours
IIPS 83220,3 Hours
IIPS 86100,1 to 9 Hours
IIPS 93100,1.5 Hours
IIPS 93101,0 Hours
IIPS 93200,0 Hours
IIPS 97100,1 to 9 Hours
IIPS 98100,9 Hours
IIPS 98101,9 Hours
ILS 10013,1 Hour
ILS 10014,1 Hour
ILS 20102,3 Hours
ILS 20103,3 Hours
ILS 20303,3 Hours
ILS 20304,3 Hours
ILS 20305,3 Hours
ILS 20701,3 Hours
ILS 20704,3 Hours
ILS 20801,3 Hours
ILS 20913,4 Hours
ILS 22301,1 Hour
ILS 30002,3 Hours
ILS 30005,3 Hours
ILS 30007,3 Hours
ILS 30042,3 Hours
ILS 30145,3 Hours
ILS 30401,3 Hours
ILS 30406,3 Hours
ILS 30407,3 Hours
ILS 30410,3 Hours
ILS 30414,3 Hours
ILS 30415,3 Hours
ILS 30442,3 Hours
ILS 30508,3 Hours
ILS 30509,3 Hours
ILS 30701,3 Hours
ILS 30902,3 Hours
ILS 30904,4 Hours
ILS 30905,3 Hours
ILS 30912,3 Hours
ILS 33800,3 Hours
ILS 40507,3 Hours
ILS 40508,3 Hours
ILS 40509,3 Hours
ILS 40601,3 Hours
ILS 41103,1 Hour
ILS 43010,3 Hours
ILS 43102,3 Hours
ILS 43401,3 Hours
ILS 43504,3 Hours
ILS 43712,3 Hours
ILS 46711,3 Hours
ILS 48900,1 to 3 Hours
ILS 48901,3 Hours
IRLL 10101,4 Hours
IRLL 10102,4 Hours
IRLL 10900,1 Hour
IRLL 10901,1 Hour
IRLL 10902,0 to 1 Hours
IRLL 11320,1 Hour
IRLL 13186,3 Hours
IRLL 20103,3 Hours
IRLL 20115,3 Hours
IRLL 20120,3 Hours
IRLL 20203,3 Hours
IRLL 30106,3 Hours
IRLL 30118,3 Hours
IRLL 30314,3 Hours
IRLL 30445,3 Hours
IRLL 46102,1 to 3 Hours
IRLL 48000,3 Hours
IRLL 60101,4 Hours
IRLL 60102,4 Hours
IRLL 60103,3 Hours
IRLL 60112,1 Hour
IRLL 60203,3 Hours
IRLL 66000,3 Hours
IRST 10101,4 Hours
IRST 10102,4 Hours
IRST 10900,1 Hour
IRST 10901,1 Hour
IRST 10902,1 Hour
IRST 11320,1 Hour
IRST 20103,3 Hours
IRST 20116,3 Hours
IRST 20120,3 Hours
IRST 20203,3 Hours
IRST 30104,3 Hours
IRST 30119,3 Hours
IRST 30315,3 Hours
IRST 30445,3 Hours
IRST 46000,3 Hours
IRST 48000,3 Hours
IRST 48007,3 Hours
IRST 63000,1 Hour
ITAO 20200,3 Hours
ITAO 20210,3 Hours
ITAO 20600,3 Hours
ITAO 30100,3 Hours
ITAO 30160,3 Hours
ITAO 30220,3 Hours
ITAO 30230,1.5 Hours
ITAO 30250,1.5 Hours
ITAO 30630,3 Hours
ITAO 30640,3 Hours
ITAO 30660,3 Hours
ITAO 30670,3 Hours
ITAO 30800,1.5 Hours
ITAO 40150,1.5 Hours
ITAO 40217,3 Hours
ITAO 40230,1.5 Hours
ITAO 40250,1.5 Hours
ITAO 40420,1.5 Hours
ITAO 40450,1.5 Hours
ITAO 40515,3 Hours
ITAO 40520,1.5 Hours
ITAO 40730,3 Hours
ITAO 40850,3 Hours
ITAO 80810,3 Hours
ITAO 80820,3 Hours
ITAO 80830,3 Hours
ITAO 80840,3 Hours
JED 30100,3 Hours
JED 30105,3 Hours
JED 30142,3 Hours
JED 30143,3 Hours
JED 30144,3 Hours
JED 30149,3 Hours
JED 30150,1 Hour
JED 47930,1 to 3 Hours
JED 47931,1 to 3 Hours
KSGA 10001,3 Hours
KSGA 10002,3 Hours
KSGA 13181,3 Hours
KSGA 13188,3 Hours
KSGA 20002,3 Hours
KSGA 20600,3 Hours
KSGA 23100,3 Hours
KSGA 30000,1 Hour
KSGA 30004,3 Hours
KSGA 30200,3 Hours
KSGA 30205,3 Hours
KSGA 30207,3 Hours
KSGA 30307,3 Hours
KSGA 30309,3 Hours
KSGA 30409,3 Hours
KSGA 30414,3 Hours
KSGA 30492,1 Hour
KSGA 30493,1 Hour
KSGA 30604,3 Hours
KSGA 30608,3 Hours
KSGA 40301,3 Hours
KSGA 40493,1 Hour
LAW 60105,4 Hours
LAW 60302,4 Hours
LAW 60703,1 Hour
LAW 60704,1 Hour
LAW 60705,2 Hours
LAW 60901,4 Hours
LAW 70101,4 Hours
LAW 70102,2 Hours
LAW 70103,3 Hours
LAW 70109,3 Hours
LAW 70114,3 Hours
LAW 70115,2 Hours
LAW 70116,2 Hours
LAW 70117,3 Hours
LAW 70121,3 Hours
LAW 70126,2 Hours
LAW 70201,3 Hours
LAW 70203,3 Hours
LAW 70204,2 to 3 Hours
LAW 70208,3 Hours
LAW 70220,1 Hour
LAW 70301,3 Hours
LAW 70311,3 Hours
LAW 70312,3 Hours
LAW 70315,3 Hours
LAW 70324,3 Hours
LAW 70328,2 to 3 Hours
LAW 70345,3 Hours
LAW 70354,3 Hours
LAW 70357,2 Hours
LAW 70360,3 Hours
LAW 70365,3 Hours
LAW 70371,3 Hours
LAW 70372,3 Hours
LAW 70399,3 Hours
LAW 70401,3 Hours
LAW 70415,2 Hours
LAW 70419,3 Hours
LAW 70428,2 Hours
LAW 70433,3 Hours
LAW 70435,3 Hours
LAW 70438,2 to 3 Hours
LAW 70468,2 Hours
LAW 70503,3 Hours
LAW 70507,3 Hours
LAW 70605,3 Hours
LAW 70719,1 Hour
LAW 70720,1 Hour
LAW 70726,5 Hours
LAW 70728,1 to 4 Hours
LAW 70730,1 Hour
LAW 70733,1 Hour
LAW 70736,1 Hour
LAW 70807,3 Hours
LAW 70808,3 Hours
LAW 70812,3 Hours
LAW 70831,2 to 3 Hours
LAW 70833,2 to 3 Hours
LAW 70841,3 Hours
LAW 70902,2 Hours
LAW 70908,1 Hour
LAW 70912,2 Hours
LAW 70919,1 Hour
LAW 73107,2 Hours
LAW 73117,2 Hours
LAW 73119,1 Hour
LAW 73135,2 to 3 Hours
LAW 73136,2 Hours
LAW 73141,1 Hour
LAW 73142,1 Hour
LAW 73143,1 Hour
LAW 73145,2 Hours
LAW 73301,2 to 3 Hours
LAW 73308,3 Hours
LAW 73315,2 Hours
LAW 73363,2 Hours
LAW 73374,1 Hour
LAW 73406,4 Hours
LAW 73428,2 Hours
LAW 73449,3 Hours
LAW 73506,2 Hours
LAW 73607,1 Hour
LAW 73837,2 Hours
LAW 75111,3 Hours
LAW 75115,3 Hours
LAW 75116,3 Hours
LAW 75121,1 Hour
LAW 75610,5 Hours
LAW 75612,2 to 3 Hours
LAW 75699,0 Hours
LAW 75709,4 Hours
LAW 75710,4 Hours
LAW 75711,4 Hours
LAW 75715,3 Hours
LAW 75716,2 Hours
LAW 75719,1 to 3 Hours
LAW 75720,1 to 3 Hours
LAW 75721,5 Hours
LAW 75723,1 to 3 Hours
LAW 75726,4 Hours
LAW 75727,3 Hours
LAW 75729,5 Hours
LAW 75731,1 Hour
LAW 75733,1 Hour
LAW 75734,2 Hours
LAW 75736,1 to 3 Hours
LAW 75737,1 to 2 Hours
LAW 75738,1 to 3 Hours
LAW 75739,1 to 3 Hours
LAW 75740,1 Hour
LAW 75743,1 Hour
LAW 75746,1 to 4 Hours
LAW 75747,2 Hours
LAW 75748,1 to 3 Hours
LAW 75749,1 Hour
LAW 75750,1 Hour
LAW 75751,1 Hour
LAW 75753,1 Hour
LAW 75800,1 Hour
LAW 75908,1 to 2 Hours
LAW 76101,1 to 2 Hours
LAW 76103,1 to 2 Hours
LAW 76104,1 to 3 Hours
LAW 88700,1 to 4 Hours
LAW 88703,1 to 12 Hours
LAW 88705,1 to 12 Hours
LLEA 13186,3 Hours
LLEA 20001,3 Hours
LLEA 20304,3 Hours
LLEA 30101,3 Hours
LLEA 30112,3 Hours
LLEA 30330,3 Hours
LLEA 30404,3 Hours
LLEA 30413,3 Hours
LLEA 33102,3 Hours
LLEA 33105,3 Hours
LLEA 46498,1 Hour
LLEA 58311,3 Hours
LLRO 10101,3 to 6 Hours
LLRO 10102,3 to 6 Hours
LLRO 10112,3 Hours
LLRO 13186,3 Hours
LLRO 35150,1 Hour
LLRO 40145,3 Hours
LLRO 40598,3 Hours
LLRO 46000,Varies by section
LLRO 61075,0 Hours
LLRO 61076,0 Hours
LLRO 61077,0 Hours
LLRO 63075,3 Hours
LLRO 63112,3 Hours
LLRO 66000,3 Hours
LLRO 67000,1 to 3 Hours
LLRO 68599,1 to 12 Hours
LLRO 68600,1 Hour
MARK 20100,3 Hours
MARK 30100,3 Hours
MARK 30120,3 Hours
MARK 30230,3 Hours
MARK 30450,3 Hours
MARK 30470,3 Hours
MARK 30500,3 Hours
MARK 30600,3 Hours
MARK 40100,3 Hours
MARK 43700,3 Hours
MATH 10120,3 Hours
MATH 10130,3 Hours
MATH 10150,4 Hours
MATH 10250,3 Hours
MATH 10350,4 Hours
MATH 10360,4 Hours
MATH 10450,4 Hours
MATH 10550,4 Hours
MATH 10560,4 Hours
MATH 10850,4 Hours
MATH 11550,1 Hour
MATH 12150,0 Hours
MATH 12350,0 Hours
MATH 12360,0 Hours
MATH 12450,0 Hours
MATH 12550,0 Hours
MATH 12560,0 Hours
MATH 12850,0 Hours
MATH 13187,3 Hours
MATH 13550,1 Hour
MATH 20550,3.5 Hours
MATH 20570,3.5 Hours
MATH 20580,3.5 Hours
MATH 20610,3 Hours
MATH 20630,3 Hours
MATH 20750,3 Hours
MATH 20810,3 Hours
MATH 20850,4 Hours
MATH 22550,0 Hours
MATH 22570,0 Hours
MATH 22580,0 Hours
MATH 22850,0 Hours
MATH 30210,3 Hours
MATH 30530,3 Hours
MATH 30650,3 Hours
MATH 30710,3 Hours
MATH 30750,3 Hours
MATH 30810,3 Hours
MATH 30850,3 Hours
MATH 36800,1 to 10 Hours
MATH 40390,3 Hours
MATH 40720,3 Hours
MATH 40730,3 Hours
MATH 40740,3 Hours
MATH 40750,3 Hours
MATH 43900,1 Hour
MATH 46800,1 to 10 Hours
MATH 48800,1 to 4 Hours
MATH 48900,1 to 10 Hours
MATH 56800,1 to 12 Hours
MATH 60210,3 Hours
MATH 60330,3 Hours
MATH 60350,3 Hours
MATH 60370,3 Hours
MATH 60510,3 Hours
MATH 60710,3 Hours
MATH 77312,0 to 8 Hours
MATH 80210,3 Hours
MATH 80430,3 Hours
MATH 80510,3 Hours
MATH 80870,3 Hours
MATH 86700,1 to 12 Hours
MATH 88900,0 to 12 Hours
MATH 93990,0 Hours
MATH 98900,0 to 12 Hours
MBA 60110,2 Hours
MBA 60120,2 Hours
MBA 60221,2 Hours
MBA 60250,2 Hours
MBA 60272,2 Hours
MBA 60273,2 Hours
MBA 60275,2 Hours
MBA 60310,2 Hours
MBA 60400,2 Hours
MBA 60410,2 Hours
MBA 60412,2 Hours
MBA 60420,2 Hours
MBA 60427,2 Hours
MBA 60430,2 Hours
MBA 60450,2 Hours
MBA 60453,2 Hours
MBA 60455,2 Hours
MBA 60500,2 Hours
MBA 60800,1 Hour
MBA 70108,2 Hours
MBA 70112,2 Hours
MBA 70114,2 Hours
MBA 70118,2 Hours
MBA 70160,3 Hours
MBA 70171,3 Hours
MBA 70173,3 Hours
MBA 70240,2 Hours
MBA 70245,2 Hours
MBA 70260,2 Hours
MBA 70262,2 Hours
MBA 70267,2 Hours
MBA 70274,2 Hours
MBA 70281,2 Hours
MBA 70299,2 Hours
MBA 70300,2 Hours
MBA 70310,2 Hours
MBA 70315,2 Hours
MBA 70320,2 Hours
MBA 70335,2 Hours
MBA 70380,2 Hours
MBA 70405,2 Hours
MBA 70435,2 Hours
MBA 70442,4 Hours
MBA 70444,2 Hours
MBA 70452,2 Hours
MBA 70458,2 Hours
MBA 70470,2 Hours
MBA 70474,2 Hours
MBA 70510,2 Hours
MBA 70512,2 Hours
MBA 70513,2 Hours
MBA 70521,2 Hours
MBA 70525,2 Hours
MBA 70590,2 Hours
MBA 70810,0.5 Hours
MBA 70990,1 Hour
MBA 70992,1 Hour
MBA 70994,1 Hour
MBAE 60161,2 Hours
MBAE 60208,2 Hours
MBAE 60350,2 Hours
MBAE 60385,2 Hours
MBAE 60400,2 Hours
MBAE 60405,2 Hours
MBAE 60425,2 Hours
MBAE 60500,2 Hours
MBAE 70127,2 Hours
MBAE 70252,2 Hours
MBAE 70415,2 Hours
MBAE 70445,2 Hours
MDMK 20100,3 Hours
MDMK 30100,3 Hours
MDMK 30120,3 Hours
MDMK 30470,3 Hours
MDSC 30056,3 Hours
MDSC 30109,3 Hours
MDSC 30114,3 Hours
MDSC 30161,3 Hours
MDSC 30750,3 Hours
MDSC 40811,3 Hours
MDSC 43990,3 Hours
MDSC 48009,1 to 3 Hours
MEAR 10001,5 Hours
MEAR 20003,4 Hours
MEAR 30005,3 Hours
MEAR 40040,3 Hours
MEAR 46801,1 to 5 Hours
MEAR 60001,5 Hours
MEAR 60003,4 Hours
MEAR 60005,3 Hours
MEAR 66801,1 to 5 Hours
MEAR 80005,3 Hours
MELC 20052,3 Hours
MELC 20070,3 Hours
MELC 30071,3 Hours
MELC 46801,3 Hours
MELC 60071,3 Hours
MELC 66801,1 to 3 Hours
MGA 60001,3 Hours
MGA 60008,3 Hours
MGA 60015,0 Hours
MGA 60017,3 Hours
MGA 60019,1 Hour
MGA 60020,1 Hour
MGA 60021,1 Hour
MGA 60101,3 Hours
MGA 60136,3 Hours
MGA 60139,3 Hours
MGA 60141,3 Hours
MGA 60148,3 Hours
MGA 60149,1 Hour
MGA 60150,3 Hours
MGA 60201,3 Hours
MGA 60202,3 Hours
MGA 60203,3 Hours
MGA 60206,3 Hours
MGA 60320,3 Hours
MGA 60708,3 Hours
MGA 60738,3 Hours
MGA 60748,3 Hours
MGA 60762,3 Hours
MGA 60823,1 Hour
MGA 60825,3 Hours
MGA 60827,3 Hours
MGA 60835,1 Hour
MGA 60837,3 Hours
MGA 60842,3 Hours
MGA 60843,3 Hours
MGA 61202,1 Hour
MGA 63200,3 Hours
MGA 63300,3 Hours
MGA 63999,3 Hours
MGA 66000,2 Hours
MGA 68000,3 Hours
MGA 75100,9 Hours
MGA 75900,1 Hour
MGA 75903,9 Hours
MGTO 20000,1.5 Hours
MGTO 20100,3 Hours
MGTO 20210,1.5 Hours
MGTO 20300,1.5 Hours
MGTO 20700,1.5 Hours
MGTO 30110,3 Hours
MGTO 30120,1.5 Hours
MGTO 30200,3 Hours
MGTO 30300,3 Hours
MGTO 30310,3 Hours
MGTO 30317,3 Hours
MGTO 30320,3 Hours
MGTO 30500,3 Hours
MGTO 30510,3 Hours
MGTO 30515,3 Hours
MGTO 30520,1.5 Hours
MGTO 30525,1.5 Hours
MGTO 30600,1.5 Hours
MGTO 30620,1.5 Hours
MGTO 30623,3 Hours
MGTO 30633,3 Hours
MGTO 30670,3 Hours
MGTO 30707,1.5 Hours
MGTO 30720,3 Hours
MGTO 35310,3 Hours
MGTO 40110,3 Hours
MGTO 40490,3 Hours
MGTO 40545,3 Hours
MGTO 40550,3 Hours
MGTO 41500,3 Hours
MGTO 43120,3 Hours
MGTO 43150,3 Hours
MGTO 43170,3 Hours
MGTO 67890,0 Hours
MGTO 80420,3 Hours
MGTO 80500,3 Hours
MGTO 83150,3 Hours
MI 20276,3 Hours
MI 20408,3 Hours
MI 20473,3 Hours
MI 20503,3 Hours
MI 20670,3 Hours
MI 20705,3 Hours
MI 20772,3 Hours
MI 20822,3 Hours
MI 30008,3 Hours
MI 30195,3 Hours
MI 30243,3 Hours
MI 30271,3 Hours
MI 30301,3 Hours
MI 30577,3 Hours
MI 30659,3 Hours
MI 30820,3 Hours
MI 33824,3 Hours
MI 40003,3 Hours
MI 40036,3 Hours
MI 40108,3 Hours
MI 40196,3 Hours
MI 40200,3 Hours
MI 40411,3 Hours
MI 40500,3 Hours
MI 40552,3 Hours
MI 40703,3 Hours
MI 46020,1 to 3 Hours
MI 56001,1 to 3 Hours
MI 58001,3 Hours
MI 60003,3 Hours
MI 60007,3 Hours
MI 60036,3 Hours
MI 60194,3 Hours
MI 60405,3 Hours
MI 60414,3 Hours
MI 60473,3 Hours
MI 60500,3 Hours
MI 60577,3 Hours
MI 60659,3 Hours
MI 60703,3 Hours
MI 60783,3 Hours
MI 63041,3 Hours
MI 63471,3 Hours
MI 63487,3 Hours
MI 63582,3 Hours
MI 66020,1 to 12 Hours
MI 67001,3 Hours
MI 77001,1 to 12 Hours
MI 77002,Varies by section
MI 83441,3 Hours
MI 83461,3 Hours
MI 88001,0 to 12 Hours
MI 88002,0 to 12 Hours
MI 90203,3 Hours
MI 93365,3 Hours
MI 98200,1 Hour
MNAE 60114,3 Hours
MNAE 70211,3 Hours
MNAE 70440,3 Hours
MNAE 70445,3 Hours
MNAE 70450,3 Hours
MNAE 70498,3 Hours
MNAE 70499,3 Hours
MNAR 60114,2 Hours
MNAR 60130,2 Hours
MNAR 60211,2 Hours
MNAR 60400,2 to 3 Hours
MNAR 60420,2 Hours
MNAR 70420,2 to 3 Hours
MNAR 70460,2 to 3 Hours
MNAR 70470,4 Hours
MNAR 70950,1 Hour
MSA 60272,2 Hours
MSA 60400,2 Hours
MSA 60410,2 Hours
MSA 60412,2 Hours
MSA 60420,2 Hours
MSA 70108,2 Hours
MSA 70114,2 Hours
MSA 70117,3 Hours
MSA 70118,2 Hours
MSA 70121,3 Hours
MSA 70151,3 Hours
MSA 70160,3 Hours
MSA 70161,3 Hours
MSA 70163,3 Hours
MSA 70171,1.5 Hours
MSA 70173,3 Hours
MSA 70176,2 Hours
MSA 70190,2 Hours
MSA 70245,2 Hours
MSA 70260,2 Hours
MSA 70262,2 Hours
MSA 70267,2 Hours
MSA 70299,2 Hours
MSA 70435,2 Hours
MSA 70470,2 Hours
MSA 70474,2 Hours
MSBR 70200,2 Hours
MSBR 70210,2 Hours
MSBR 70220,2 Hours
MSBR 70240,2 Hours
MSBR 70250,2 Hours
MSBR 70260,2 Hours
MSBR 70270,2 Hours
MSBR 70280,2 Hours
MSBR 70810,1 Hour
MSFR 60600,2 Hours
MSFR 60950,1 Hour
MSFR 65700,1 Hour
MSFR 70100,2 Hours
MSFR 70200,2 Hours
MSFR 70250,2 Hours
MSFR 70620,2 Hours
MSFR 70710,2 Hours
MSFR 75700,1 Hour
MSFR 75800,1 Hour
MSL 10101,1 Hour
MSL 17101,1 Hour
MSL 20201,2 Hours
MSL 27201,2 Hours
MSL 30301,3 Hours
MSL 37301,3 Hours
MSL 40401,3 Hours
MSL 41001,0 Hours
MSL 47498,1 to 3 Hours
MSM 60101,3 Hours
MSM 60102,1 Hour
MSM 60103,1 Hour
MSM 60106,3 Hours
MSM 60401,3 Hours
MSM 60403,3 Hours
MSM 60404,3 Hours
MSM 60451,1 Hour
MSM 60646,1 Hour
MSM 60650,2 Hours
MSM 61301,3 Hours
MSM 61302,1 to 2 Hours
MSM 61303,1 to 2 Hours
MSM 61304,1 to 2 Hours
MSM 61305,1 to 2 Hours
MSM 61307,1 to 2 Hours
MSM 61308,1 to 2 Hours
MSM 61309,1 to 2 Hours
MSM 61310,0 Hours
MSM 61338,0 Hours
MSM 61339,0 Hours
MSM 61340,3 Hours
MSM 61341,3 Hours
MSM 61342,1 to 2 Hours
MSM 61343,1 to 2 Hours
MSM 63401,2 Hours
MSM 65000,0 Hours
MSM 67900,1 to 3 Hours
MSM 67905,0 Hours
MSM 68390,0 Hours
MSMG 60221,3 Hours
MSMG 60400,3 Hours
MSMG 60415,3 Hours
MSMG 60425,3 Hours
MSMG 60500,3 Hours
MSMG 60800,1 Hour
MSMG 60990,1 Hour
MSSA 60160,3 Hours
MSSA 60220,3 Hours
MSSA 60230,3 Hours
MSSA 60250,1.5 Hours
MSSA 60450,1.5 Hours
MSSA 60510,1.5 Hours
MSSA 60520,1.5 Hours
MUS 10090,3 Hours
MUS 10131,3 Hours
MUS 10140,3 Hours
MUS 10210,0 to 1 Hours
MUS 10221,0 to 1 Hours
MUS 10222,0 to 1 Hours
MUS 10230,0 to 1 Hours
MUS 10231,0 to 1 Hours
MUS 10244,0 to 1 Hours
MUS 10245,0 to 1 Hours
MUS 10247,0 to 1 Hours
MUS 10249,0 to 1 Hours
MUS 10250,0 to 1 Hours
MUS 10251,0 to 1 Hours
MUS 10351,0 Hours
MUS 10352,0 Hours
MUS 10353,0 Hours
MUS 10354,0 Hours
MUS 10355,0 Hours
MUS 11300,0 Hours
MUS 11301,0 Hours
MUS 11302,0 Hours
MUS 11303,0 Hours
MUS 11307,0 Hours
MUS 11310,0 Hours
MUS 11311,0 Hours
MUS 11312,0 Hours
MUS 11313,0 Hours
MUS 11314,0 Hours
MUS 11315,0 Hours
MUS 11320,0 Hours
MUS 11321,0 Hours
MUS 11330,0 Hours
MUS 11340,0 Hours
MUS 11350,0 Hours
MUS 11390,0 Hours
MUS 13182,3 Hours
MUS 20001,3 Hours
MUS 20003,3 Hours
MUS 20011,1 Hour
MUS 20012,1 Hour
MUS 20101,3 Hours
MUS 20691,1 Hour
MUS 21300,2 Hours
MUS 21301,2 Hours
MUS 21302,2 Hours
MUS 21303,2 Hours
MUS 21304,1 to 2 Hours
MUS 21305,1 to 2 Hours
MUS 21307,1 to 2 Hours
MUS 21310,2 Hours
MUS 21311,2 Hours
MUS 21312,2 Hours
MUS 21313,2 Hours
MUS 21314,2 Hours
MUS 21315,2 Hours
MUS 21320,1 to 2 Hours
MUS 21321,2 Hours
MUS 21330,2 Hours
MUS 21340,2 Hours
MUS 21341,1 to 2 Hours
MUS 21342,1 to 2 Hours
MUS 21350,2 Hours
MUS 21352,1 to 2 Hours
MUS 21390,1 to 2 Hours
MUS 30003,3 Hours
MUS 30200,1 to 2 Hours
MUS 30400,1 Hour
MUS 30410,1 Hour
MUS 30451,2 Hours
MUS 31300,2 Hours
MUS 31301,2 Hours
MUS 31302,2 Hours
MUS 31303,2 Hours
MUS 31307,1 to 2 Hours
MUS 31310,2 Hours
MUS 31311,2 Hours
MUS 31312,2 Hours
MUS 31313,2 Hours
MUS 31314,2 Hours
MUS 31315,2 Hours
MUS 31320,2 Hours
MUS 31321,2 Hours
MUS 31330,2 Hours
MUS 31340,2 Hours
MUS 31350,2 Hours
MUS 37900,1 to 3 Hours
MUS 38390,0 to 2 Hours
MUS 40041,3 Hours
MUS 40101,3 Hours
MUS 40402,1 Hour
MUS 40440,1 Hour
MUS 40446,1 Hour
MUS 40646,1 Hour
MUS 41300,2 Hours
MUS 41301,2 Hours
MUS 41302,2 Hours
MUS 41303,2 Hours
MUS 41307,1 to 2 Hours
MUS 41310,2 Hours
MUS 41311,2 Hours
MUS 41312,2 Hours
MUS 41313,2 Hours
MUS 41314,2 Hours
MUS 41315,2 Hours
MUS 41320,2 Hours
MUS 41321,2 Hours
MUS 41330,2 Hours
MUS 41340,2 Hours
MUS 41350,2 Hours
MUS 48390,1 Hour
MUS 48900,1 to 3 Hours
MUS 51300,2 Hours
MUS 51301,2 Hours
MUS 51302,2 Hours
MUS 51303,2 Hours
MUS 51307,1 to 2 Hours
MUS 51310,2 Hours
MUS 51311,2 Hours
MUS 51312,2 Hours
MUS 51313,2 Hours
MUS 51314,2 Hours
MUS 51315,2 Hours
MUS 51320,2 Hours
MUS 51321,2 Hours
MUS 51330,2 Hours
MUS 51340,2 Hours
MUS 51350,2 Hours
MUS 51900,2 Hours
MUS 51901,2 Hours
MUS 51910,2 Hours
MUS 51911,2 Hours
MUS 51912,2 Hours
MUS 51914,2 Hours
MUS 51920,2 Hours
MUS 51921,2 Hours
MUS 51930,2 Hours
MUS 51940,2 Hours
MUS 51950,2 Hours
MUS 60230,0 to 1 Hours
MUS 60231,0 to 1 Hours
MUS 60240,0 to 1 Hours
MUS 60243,0 to 1 Hours
MUS 60245,0 to 1 Hours
MUS 60247,0 to 1 Hours
MUS 60250,1 Hour
MUS 61300,1 to 3 Hours
MUS 61301,1 to 3 Hours
MUS 61302,1 to 3 Hours
MUS 61303,1 to 3 Hours
MUS 61307,1 to 3 Hours
MUS 61310,1 to 3 Hours
MUS 61311,1 to 3 Hours
MUS 61312,1 to 3 Hours
MUS 61313,1 to 3 Hours
MUS 61314,1 to 3 Hours
MUS 61315,1 to 3 Hours
MUS 61320,1 to 3 Hours
MUS 61321,1 to 3 Hours
MUS 61330,1 to 3 Hours
MUS 61340,1 to 3 Hours
MUS 61350,1 to 3 Hours
MUS 67900,1 to 3 Hours
MUS 68390,0 Hours
MUS 68900,1 to 3 Hours
MUS 68901,1 Hour
MUS 68902,1 to 3 Hours
MUS 78390,0 Hours
NSBH 20010,1 Hour
NSBH 20450,3 Hours
NSBH 21450,1 Hour
NSBH 30200,3 Hours
NSBH 30220,3 Hours
NSBH 30400,3 Hours
NSBH 30440,3 Hours
NSBH 30520,3 Hours
NSBH 40301,3 Hours
NSBH 43526,3 Hours
NSBH 45001,1 Hour
NSBH 46497,Varies by section
NSBH 46501,1 Hour
NSCI 10101,2 Hours
NSCI 20201,3 Hours
NSCI 30301,3 Hours
NSCI 40401,3 Hours
NSCI 40413,3 Hours
NSCI 41000,0 Hours
PCAY 00602,1 Hour
PCAY 00605,1 Hour
PCAY 00607,1 Hour
PCAY 00608,1 Hour
PCAY 00609,1 Hour
PHIL 10101,3 Hours
PHIL 10103,3 Hours
PHIL 10104,3 Hours
PHIL 10106,3 Hours
PHIL 10107,3 Hours
PHIL 10108,3 Hours
PHIL 10111,3 Hours
PHIL 12111,0 Hours
PHIL 13185,3 Hours
PHIL 13195,3 Hours
PHIL 20101,3 Hours
PHIL 20111,3 Hours
PHIL 20206,3 Hours
PHIL 20210,3 Hours
PHIL 20211,3 Hours
PHIL 20235,3 Hours
PHIL 20401,3 Hours
PHIL 20413,3 Hours
PHIL 20441,3 Hours
PHIL 20602,3 Hours
PHIL 20617,3 Hours
PHIL 20628,3 Hours
PHIL 20801,3 Hours
PHIL 20803,3 Hours
PHIL 20804,3 Hours
PHIL 22111,0 Hours
PHIL 22602,0 Hours
PHIL 24503,3 Hours
PHIL 30301,3 Hours
PHIL 30302,3 Hours
PHIL 30304,3 Hours
PHIL 30305,3 Hours
PHIL 30310,3 Hours
PHIL 30313,3 Hours
PHIL 30329,3 Hours
PHIL 43103,3 Hours
PHIL 43171,3 Hours
PHIL 43228,3 Hours
PHIL 43301,3 Hours
PHIL 43303,3 Hours
PHIL 43318,3 Hours
PHIL 43335,3 Hours
PHIL 43401,3 Hours
PHIL 43403,3 Hours
PHIL 43404,3 Hours
PHIL 43426,3 Hours
PHIL 43721,3 Hours
PHIL 43725,3 Hours
PHIL 43903,3 Hours
PHIL 43907,3 Hours
PHIL 46497,1 to 10 Hours
PHIL 46498,1 to 10 Hours
PHIL 48499,3 Hours
PHIL 83104,3 Hours
PHIL 83110,3 Hours
PHIL 83226,3 Hours
PHIL 83269,3 Hours
PHIL 83610,3 Hours
PHIL 83701,3 Hours
PHIL 83801,3 Hours
PHIL 83901,3 Hours
PHIL 83903,3 Hours
PHIL 85105,1 Hour
PHIL 93235,3 Hours
PHIL 93303,3 Hours
PHIL 93310,3 Hours
PHIL 93503,3 Hours
PHIL 93604,3 Hours
PHIL 93605,3 Hours
PHIL 93894,3 Hours
PHIL 96697,1 to 12 Hours
PHIL 98696,0 Hours
PHIL 98698,1 Hour
PHIL 98699,0 to 12 Hours
PHIL 98700,1 to 9 Hours
PHYS 10033,3 Hours
PHYS 10063,3 Hours
PHYS 10111,3 Hours
PHYS 10140,3 Hours
PHYS 10240,3 Hours
PHYS 10310,4 Hours
PHYS 10320,4 Hours
PHYS 10411,3 Hours
PHYS 11310,0 Hours
PHYS 11320,0 Hours
PHYS 11411,1 Hour
PHYS 12310,0 Hours
PHYS 12320,0 Hours
PHYS 13320,1 Hour
PHYS 20063,3 Hours
PHYS 20065,3 Hours
PHYS 20140,3 Hours
PHYS 20210,3 Hours
PHYS 20220,3 Hours
PHYS 20333,3 Hours
PHYS 20430,1.5 Hours
PHYS 20433,3 Hours
PHYS 20451,3.5 Hours
PHYS 20481,3 Hours
PHYS 21210,1 Hour
PHYS 21220,1 Hour
PHYS 22451,0 Hours
PHYS 23411,1 Hour
PHYS 30239,3 Hours
PHYS 30461,3 Hours
PHYS 30471,3 Hours
PHYS 31453,1.5 Hours
PHYS 33411,1 Hour
PHYS 40435,3 Hours
PHYS 40453,3 Hours
PHYS 41441,3 Hours
PHYS 43411,1 Hour
PHYS 46490,1 to 3 Hours
PHYS 48480,1 to 3 Hours
PHYS 48490,0 Hours
PHYS 48500,0 Hours
PHYS 50201,3 Hours
PHYS 50210,3 Hours
PHYS 50401,3 Hours
PHYS 50481,3 Hours
PHYS 50501,3 Hours
PHYS 60061,1.5 Hours
PHYS 60070,3 Hours
PHYS 60201,3 Hours
PHYS 60210,3 Hours
PHYS 60401,3 Hours
PHYS 60501,3 Hours
PHYS 60702,3 Hours
PHYS 68000,0 Hours
PHYS 68699,1 Hour
PHYS 70003,3 Hours
PHYS 70005,3 Hours
PHYS 70007,3 Hours
PHYS 70210,3 Hours
PHYS 73000,0 Hours
PHYS 80003,3 Hours
PHYS 80501,3 Hours
PHYS 80503,3 Hours
PHYS 80701,3 Hours
PHYS 83200,2 Hours
PHYS 83300,2 Hours
PHYS 83500,2 Hours
PHYS 83600,2 Hours
PHYS 83700,2 Hours
PHYS 90020,3 Hours
PHYS 95000,1 Hour
PHYS 98200,1 Hour
PHYS 98699,0 to 9 Hours
PHYS 98700,Varies by section
PLS 13186,3 Hours
PLS 20201,3 Hours
PLS 20301,3 Hours
PLS 23101,4 Hours
PLS 23102,4 Hours
PLS 30102,1 Hour
PLS 30301,3 Hours
PLS 30412,4 Hours
PLS 30501,3 Hours
PLS 33101,4 Hours
PLS 33102,4 Hours
PLS 40301,3 Hours
PLS 40601,3 Hours
PLS 43101,4 Hours
PLS 46000,3 Hours
PLS 47002,1 Hour
PLS 48701,3 Hours
POLS 10101,3 Hours
POLS 10200,3 Hours
POLS 10400,3 Hours
POLS 10600,3 Hours
POLS 12200,0 Hours
POLS 12400,0 Hours
POLS 13181,3 Hours
POLS 20101,3 Hours
POLS 20200,3 Hours
POLS 20400,3 Hours
POLS 20600,3 Hours
POLS 22101,0 Hours
POLS 22200,0 Hours
POLS 22400,0 Hours
POLS 22600,0 Hours
POLS 30005,3 Hours
POLS 30010,3 Hours
POLS 30040,3 Hours
POLS 30048,3 Hours
POLS 30051,3 Hours
POLS 30068,3 Hours
POLS 30115,3 Hours
POLS 30118,3 Hours
POLS 30134,3 Hours
POLS 30142,3 Hours
POLS 30154,3 Hours
POLS 30173,3 Hours
POLS 30201,3 Hours
POLS 30210,3 Hours
POLS 30242,3 Hours
POLS 30304,3 Hours
POLS 30363,3 Hours
POLS 30364,3 Hours
POLS 30421,3 Hours
POLS 30460,3 Hours
POLS 30470,3 Hours
POLS 30510,3 Hours
POLS 30540,3 Hours
POLS 30553,3 Hours
POLS 30562,3 Hours
POLS 30595,3 Hours
POLS 30654,3 Hours
POLS 30662,3 Hours
POLS 30664,3 Hours
POLS 30665,3 Hours
POLS 30714,3 Hours
POLS 30775,3 Hours
POLS 30817,3 Hours
POLS 35901,1 Hour
POLS 35902,2 Hours
POLS 40064,3 Hours
POLS 40491,3 Hours
POLS 40801,3 Hours
POLS 40811,3 Hours
POLS 40812,3 Hours
POLS 43001,3 Hours
POLS 43640,3 Hours
POLS 46902,3 Hours
POLS 47905,1 Hour
POLS 53001,3 Hours
POLS 58901,3 Hours
POLS 58904,1 Hour
POLS 60043,3 Hours
POLS 60108,3 Hours
POLS 60123,3 Hours
POLS 60217,3 Hours
POLS 60448,3 Hours
POLS 60677,3 Hours
POLS 60691,3 Hours
POLS 60700,3 Hours
POLS 60830,3 Hours
POLS 60833,3 Hours
POLS 60885,3 Hours
POLS 61001,1.5 Hours
POLS 63800,3 Hours
POLS 66900,3 Hours
POLS 98699,0 to 12 Hours
POLS 98700,Varies by section
POLS 98706,3 Hours
PPE 30200,3 Hours
PPE 43101,1 to 2 Hours
PRL 20206,3 Hours
PRL 40115,3 Hours
PRL 40663,3 Hours
PRL 43171,3 Hours
PRL 43426,3 Hours
PS 20010,3 Hours
PS 23000,3 Hours
PS 30552,3 Hours
PS 30555,3 Hours
PS 30953,3 Hours
PS 30999,3 Hours
PS 35002,0 to 3 Hours
PS 36900,1 to 3 Hours
PS 40355,3 Hours
PS 40420,3 Hours
PS 40999,3 Hours
PS 43000,3 Hours
PS 47000,3 Hours
PS 47001,3 Hours
PSY 10000,3 Hours
PSY 13181,3 Hours
PSY 20000,3 Hours
PSY 20010,1 Hour
PSY 23271,3 Hours
PSY 26800,1 to 4 Hours
PSY 27800,1 to 5 Hours
PSY 27801,0 Hours
PSY 30100,4 Hours
PSY 30109,3 Hours
PSY 30160,4 Hours
PSY 30200,3 Hours
PSY 30220,3 Hours
PSY 30271,3 Hours
PSY 30310,3 Hours
PSY 30400,3 Hours
PSY 30440,3 Hours
PSY 30510,3 Hours
PSY 30520,3 Hours
PSY 30635,3 Hours
PSY 30667,3 Hours
PSY 30691,3 Hours
PSY 30693,3 Hours
PSY 30696,3 Hours
PSY 33694,3 Hours
PSY 40120,3 Hours
PSY 40282,3 Hours
PSY 40451,4 Hours
PSY 40647,3 Hours
PSY 40672,3 Hours
PSY 43271,3 Hours
PSY 43359,3 Hours
PSY 43363,3 Hours
PSY 43521,3 Hours
PSY 43526,3 Hours
PSY 43640,3 Hours
PSY 43800,3 Hours
PSY 47809,3 Hours
PSY 60100,4 Hours
PSY 60109,3 Hours
PSY 60143,3 Hours
PSY 60165,3 Hours
PSY 60284,3 Hours
PSY 60296,1 Hour
PSY 60318,1 Hour
PSY 60354,3 Hours
PSY 60520,3 Hours
PSY 61100,1 Hour
PSY 62380,1 Hour
PSY 63199,1 Hour
PSY 63409,3 Hours
PSY 63440,3 Hours
PSY 65395,0 to 12 Hours
PSY 65396,0 to 12 Hours
PSY 66380,1 to 3 Hours
PSY 66387,1 to 3 Hours
PSY 66389,1 to 3 Hours
PSY 66391,1 to 3 Hours
PSY 66394,1 to 3 Hours
PSY 66396,1 to 3 Hours
PSY 66397,1 to 3 Hours
PSY 67395,0 to 8 Hours
PSY 67396,0 to 8 Hours
PSY 78820,0 to 12 Hours
PSY 78821,1 to 9 Hours
PSY 78840,0 to 12 Hours
PSY 78841,0 to 12 Hours
PSY 78842,0 to 12 Hours
PSY 78899,0 Hours
PSY 98200,1 Hour
PSY 98825,0 to 12 Hours
PSY 98826,0 to 12 Hours
RE 20700,3 Hours
RE 30532,3 Hours
RE 30710,3 Hours
RE 30720,2 Hours
RE 30740,3 Hours
RE 30750,2 Hours
RE 30770,1 Hour
RE 30810,2 Hours
RE 30820,2 Hours
RE 30830,2 Hours
RE 30840,1 Hour
RE 43100,2 Hours
REG 10999,1 to 4 Hours
REG 30999,Varies by section
REG 34000,0 to 20 Hours
REG 48498,0 Hours
REG 50999,Varies by section
REG 64000,0 to 12 Hours
RLT 48500,3 Hours
ROFR 10101,4 Hours
ROFR 10102,4 Hours
ROFR 10112,3 Hours
ROFR 10115,6 Hours
ROFR 20201,3 Hours
ROFR 20202,3 Hours
ROFR 20300,3 Hours
ROFR 20610,3 Hours
ROFR 30310,3 Hours
ROFR 30320,3 Hours
ROFR 30710,3 Hours
ROFR 40710,3 Hours
ROFR 40958,3 Hours
ROFR 43224,3 Hours
ROFR 46000,1 to 3 Hours
ROFR 47000,3 Hours
ROFR 48000,1 to 3 Hours
ROFR 60101,1 to 4 Hours
ROFR 60102,1 to 4 Hours
ROFR 60115,6 Hours
ROFR 60201,3 Hours
ROFR 60202,3 Hours
ROFR 60710,3 Hours
ROFR 60958,3 Hours
ROFR 63224,3 Hours
ROFR 66000,1 to 12 Hours
ROFR 68600,0 to 9 Hours
ROFR 76000,0 to 12 Hours
ROFR 78599,1 to 12 Hours
ROIT 10101,4 Hours
ROIT 10102,4 Hours
ROIT 10110,6 Hours
ROIT 20111,6 Hours
ROIT 20201,3 Hours
ROIT 20202,3 Hours
ROIT 20300,1 Hour
ROIT 30300,1 Hour
ROIT 30310,3 Hours
ROIT 30711,3 Hours
ROIT 35150,1 Hour
ROIT 36000,1 to 3 Hours
ROIT 40115,3 Hours
ROIT 40512,3 Hours
ROIT 42115,1 Hour
ROIT 46000,1 to 3 Hours
ROIT 47000,1 to 3 Hours
ROIT 48000,1 to 6 Hours
ROIT 53000,3 Hours
ROIT 58000,1 to 3 Hours
ROIT 60101,3 Hours
ROIT 60512,3 Hours
ROIT 63010,1.5 Hours
ROIT 63115,3 Hours
ROIT 63216,3 Hours
ROIT 63655,3 Hours
ROIT 63711,3 Hours
ROIT 66000,3 Hours
ROIT 66001,3 Hours
ROIT 76000,3 Hours
ROIT 78599,0 to 12 Hours
ROIT 98600,0 to 9 Hours
ROIT 98601,0 to 9 Hours
ROPO 10103,4 Hours
ROPO 10105,3 Hours
ROPO 20201,3 Hours
ROPO 27201,1 to 3 Hours
ROPO 30551,3 Hours
ROPO 36000,3 Hours
ROPO 40598,3 Hours
ROPO 46000,1 to 3 Hours
ROPO 60005,3 Hours
ROPO 60201,3 Hours
ROPO 66000,3 Hours
ROPO 67001,3 Hours
ROSP 10101,4 Hours
ROSP 10102,4 Hours
ROSP 10110,6 Hours
ROSP 20201,3 Hours
ROSP 20202,3 Hours
ROSP 20215,6 Hours
ROSP 20600,3 Hours
ROSP 30035,4 Hours
ROSP 30051,4 Hours
ROSP 30201,3 Hours
ROSP 30310,3 Hours
ROSP 30320,3 Hours
ROSP 30715,3 Hours
ROSP 30727,3 Hours
ROSP 30820,3 Hours
ROSP 32300,1 Hour
ROSP 37000,3 Hours
ROSP 40435,3 Hours
ROSP 40771,3 Hours
ROSP 40845,3 Hours
ROSP 40864,3 Hours
ROSP 46000,1 to 3 Hours
ROSP 47000,3 Hours
ROSP 48000,3 Hours
ROSP 53000,3 Hours
ROSP 58000,3 Hours
ROSP 60201,3 Hours
ROSP 60202,3 Hours
ROSP 63730,3 Hours
ROSP 63895,3 Hours
ROSP 63915,3 Hours
ROSP 66000,Varies by section
ROSP 67000,3 Hours
ROSP 98600,0 to 9 Hours
ROSP 98601,0 to 9 Hours
RU 10001,1 Hour
RU 10101,4 Hours
RU 20101,3 Hours
RU 30101,3 Hours
RU 30202,3 Hours
RU 30350,3 Hours
RU 30355,3 Hours
RU 32102,1 Hour
RU 33500,3 Hours
RU 40003,1 Hour
RU 43100,3 Hours
RU 46100,1 Hour
RU 60101,4 Hours
RU 60201,3 Hours
RU 60301,3 Hours
RU 72102,1 Hour
SACM 40101,3 Hours
SC 10200,3 Hours
SC 12200,0 Hours
SC 20110,3 Hours
SC 20200,4 Hours
SC 20500,3 Hours
SC 21110,1 Hour
SC 21200,0 Hours
SC 30001,3 Hours
SC 30500,3 Hours
SC 40300,3 Hours
SC 45999,0 to 1 Hours
SC 46490,1 to 3 Hours
SC 48100,1 to 3 Hours
SC 67501,1 Hour
SCGE 20600,3 Hours
SCPP 30300,3 Hours
SCPP 30311,3 Hours
SCPP 30320,3 Hours
SCPP 30401,3 Hours
SCPP 30405,3 Hours
SCPP 40397,3 Hours
SCPP 46397,Varies by section
SCPP 48498,1 to 3 Hours
SEI 23000,3 Hours
SEI 30552,3 Hours
SEI 30555,3 Hours
SEI 30999,3 Hours
SEI 40090,1 to 3 Hours
SEI 40110,1 Hour
SEI 40999,3 Hours
SMAC 20401,1 Hour
SMAC 30101,3 Hours
SMAC 30107,3 Hours
SMAC 30108,3 Hours
SMAC 30109,3 Hours
SMAC 30201,3 Hours
SMAC 30603,3 Hours
SMAC 30604,3 Hours
SMAC 40101,3 Hours
SMAC 45901,1 to 3 Hours
SMAC 46920,3 Hours
SMAC 47909,1 Hour
SOC 10002,3 Hours
SOC 10342,3 Hours
SOC 10672,3 Hours
SOC 10722,3 Hours
SOC 10732,3 Hours
SOC 10870,3 Hours
SOC 13181,3 Hours
SOC 20002,3 Hours
SOC 20010,3 Hours
SOC 20033,3 Hours
SOC 20228,3 Hours
SOC 20342,3 Hours
SOC 20558,3 Hours
SOC 20672,3 Hours
SOC 20722,3 Hours
SOC 20732,3 Hours
SOC 20806,3 Hours
SOC 20870,3 Hours
SOC 30900,3 Hours
SOC 30902,3 Hours
SOC 30903,3 Hours
SOC 30952,3 Hours
SOC 33028,3 Hours
SOC 33090,1 Hour
SOC 33638,3 Hours
SOC 35900,1 Hour
SOC 40200,3 Hours
SOC 40416,3 Hours
SOC 40875,3 Hours
SOC 43402,3 Hours
SOC 43513,3 Hours
SOC 43579,3 Hours
SOC 43839,3 Hours
SOC 43990,3 Hours
SOC 45000,1 to 3 Hours
SOC 46000,1 to 4 Hours
SOC 48000,1 to 3 Hours
SOC 48009,3 Hours
SOC 61995,1 Hour
SOC 63091,2 Hours
SOC 63120,1 Hour
SOC 63125,3 Hours
SOC 63278,1 Hour
SOC 63572,3 Hours
SOC 63578,1 Hour
SOC 63691,1 Hour
SOC 63800,3 Hours
SOC 63810,1 Hour
SOC 63822,1 Hour
SOC 63911,3 Hours
SOC 63913,3 Hours
SOC 63977,1 Hour
SOC 76097,Varies by section
SOC 78599,1 to 9 Hours
SOC 78600,1 to 9 Hours
SOC 98200,1 Hour
SOC 98699,0 to 9 Hours
SOC 98700,1 to 9 Hours
STV 10115,3 Hours
STV 10119,3 Hours
STV 10210,3 Hours
STV 10750,3 Hours
STV 20065,3 Hours
STV 20102,3 Hours
STV 20202,3 Hours
STV 20204,3 Hours
STV 20210,3 Hours
STV 20228,3 Hours
STV 20331,3 Hours
STV 20410,3 Hours
STV 20556,3 Hours
STV 20603,3 Hours
STV 20617,3 Hours
STV 20760,3 Hours
STV 20806,3 Hours
STV 20888,3 Hours
STV 20918,3 Hours
STV 21203,0 Hours
STV 23202,3 Hours
STV 30055,3 Hours
STV 30056,3 Hours
STV 30106,3 Hours
STV 30112,3 Hours
STV 30145,3 Hours
STV 30192,3 Hours
STV 30200,3 Hours
STV 30210,3 Hours
STV 30242,3 Hours
STV 30300,3 Hours
STV 30307,3 Hours
STV 30320,3 Hours
STV 30325,3 Hours
STV 30330,3 Hours
STV 30333,3 Hours
STV 30355,3 Hours
STV 30405,3 Hours
STV 30407,3 Hours
STV 30454,3 Hours
STV 30461,3 Hours
STV 30524,3 Hours
STV 30532,3 Hours
STV 30543,3 Hours
STV 30553,3 Hours
STV 30555,3 Hours
STV 30558,3 Hours
STV 30565,3 Hours
STV 30605,3 Hours
STV 30634,3 Hours
STV 30635,3 Hours
STV 30750,3 Hours
STV 30835,3 Hours
STV 30900,3 Hours
STV 30902,3 Hours
STV 30910,3 Hours
STV 30950,3 Hours
STV 33310,3 Hours
STV 33311,3 Hours
STV 33958,1 Hour
STV 40221,3 Hours
STV 40313,3 Hours
STV 40405,3 Hours
STV 40698,3 Hours
STV 40889,3 Hours
STV 40999,3 Hours
STV 43120,3 Hours
STV 43404,3 Hours
STV 43579,3 Hours
STV 43725,3 Hours
STV 43903,3 Hours
STV 43990,3 Hours
STV 46497,1 to 3 Hours
STV 48497,1 to 3 Hours
STV 60100,1 Hour
STV 60297,1 Hour
SUS 20010,3 Hours
SUS 20200,1 Hour
SUS 20203,3 Hours
SUS 20300,1 Hour
SUS 20350,3 Hours
SUS 20760,3 Hours
SUS 20888,3 Hours
SUS 21203,0 Hours
SUS 23911,1 Hour
SUS 30312,3 Hours
SUS 30402,3 Hours
SUS 30592,3 Hours
SUS 38002,0 Hours
SUS 40160,3 Hours
SUS 40491,3 Hours
SUS 43611,3 Hours
SUS 48001,1 Hour
SUS 48002,1 Hour
SUS 50405,3 Hours
TEC 20101,3 Hours
TEC 20112,3 Hours
TEC 23201,3 Hours
TEC 30114,3 Hours
TEC 30750,3 Hours
TEC 33997,3 Hours
THEO 10001,3 Hours
THEO 10002,3 Hours
THEO 10801,3 Hours
THEO 13002,3 Hours
THEO 13183,3 Hours
THEO 20210,3 Hours
THEO 20214,3 Hours
THEO 20249,3 Hours
THEO 20264,3 Hours
THEO 20424,3 Hours
THEO 20425,3 Hours
THEO 20429,3 Hours
THEO 20606,3 Hours
THEO 20619,3 Hours
THEO 20639,3 Hours
THEO 20666,3 Hours
THEO 20672,3 Hours
THEO 20673,3 Hours
THEO 20677,3 Hours
THEO 20679,3 Hours
THEO 20811,3 Hours
THEO 20813,3 Hours
THEO 20830,3 Hours
THEO 20847,3 Hours
THEO 20888,3 Hours
THEO 20895,3 Hours
THEO 20896,3 Hours
THEO 30021,0 to 1 Hours
THEO 30022,0 to 1 Hours
THEO 30023,0 to 1 Hours
THEO 30101,1 Hour
THEO 30230,1 Hour
THEO 30607,1 Hour
THEO 30702,3 Hours
THEO 30953,3 Hours
THEO 31630,1 Hour
THEO 33950,1 Hour
THEO 40002,3 Hours
THEO 40004,3 Hours
THEO 40101,3 Hours
THEO 40130,3 Hours
THEO 40201,3 Hours
THEO 40205,3 Hours
THEO 40212,3 Hours
THEO 40239,3 Hours
THEO 40247,3 Hours
THEO 40439,3 Hours
THEO 40613,3 Hours
THEO 40627,3 Hours
THEO 40632,3 Hours
THEO 40641,3 Hours
THEO 40648,3 Hours
THEO 40663,3 Hours
THEO 40728,3 Hours
THEO 40773,3 Hours
THEO 40807,3 Hours
THEO 40862,3 Hours
THEO 40877,3 Hours
THEO 40880,3 Hours
THEO 40883,3 Hours
THEO 45001,0 to 1 Hours
THEO 46001,Varies by section
THEO 48005,2 Hours
THEO 48006,1 Hour
THEO 60002,3 Hours
THEO 60006,3 Hours
THEO 60105,3 Hours
THEO 60113,3 Hours
THEO 60185,3 Hours
THEO 60210,3 Hours
THEO 60216,3 Hours
THEO 60239,3 Hours
THEO 60240,3 Hours
THEO 60248,3 Hours
THEO 60250,3 Hours
THEO 60283,3 Hours
THEO 60288,3 Hours
THEO 60402,3 Hours
THEO 60404,3 Hours
THEO 60602,3 Hours
THEO 60663,3 Hours
THEO 60709,3 Hours
THEO 60723,3 Hours
THEO 60801,3 Hours
THEO 60808,3 Hours
THEO 60811,3 Hours
THEO 60835,3 Hours
THEO 60847,2 Hours
THEO 60864,3 Hours
THEO 60871,3 Hours
THEO 60945,1 Hour
THEO 60946,2 Hours
THEO 60948,2 Hours
THEO 60949,2 Hours
THEO 60952,1 Hour
THEO 63002,1 Hour
THEO 63041,3 Hours
THEO 63210,1 Hour
THEO 65931,3 Hours
THEO 65933,3 Hours
THEO 65939,3 Hours
THEO 66001,1 to 12 Hours
THEO 67001,0 Hours
THEO 67010,0 Hours
THEO 67011,1 to 9 Hours
THEO 67014,3 Hours
THEO 67601,1 Hour
THEO 67801,3 Hours
THEO 78599,0 to 12 Hours
THEO 81215,1 Hour
THEO 83001,3 Hours
THEO 83002,3 Hours
THEO 83003,3 Hours
THEO 83134,3 Hours
THEO 83140,3 Hours
THEO 83147,3 Hours
THEO 83215,3 Hours
THEO 83227,3 Hours
THEO 83401,3 Hours
THEO 83424,3 Hours
THEO 83668,3 Hours
THEO 83669,3 Hours
THEO 83710,3 Hours
THEO 83811,3 Hours
THEO 83838,3 Hours
THEO 86001,1 to 12 Hours
THEO 98200,1 Hour
THEO 98699,0 to 12 Hours
THEO 98700,1 to 9 Hours
WR 12200,2 Hours
WR 12300,1 Hour
WR 13100,3 Hours
WR 13200,3 Hours
WR 13300,3 Hours
WR 13400,3 Hours
