ACMS 10140,WKQR
ACMS 10550,WKQR
ACMS 10560,WKQR
ACMS 20220,WKQR
ACMS 20340,WKQR
ACMS 20550,WKQR
ACMS 20620,WKQR
ACMS 20750,WKQR
ACMS 30530,WKQR
AFST 13181,USEM
AFST 13181,WKSS
AFST 20082,WKAL
AFST 20130,WRIT
AFST 20130,WKAL
AFST 20274,WKHI
AFST 20401,WKAL
AFST 20600,WKSS
AFST 20704,WKSS
AFST 20781,WKHI
AFST 20781,WKSS
AFST 30113,WKAL
AFST 30214,WKHI
AFST 30294,WKHI
AFST 30297,WKHI
AFST 40173,WKAL
ALHN 13950,WRRH
ALHN 13950,WKAL
ALHN 13950,USEM
ALHN 20000,WKAL
ALSF 30126,WKIN
AMST 10100,WKHI
AMST 13184,WKHI
AMST 13184,USEM
AMST 20100,WKHI
AMST 30105,WKCD
AMST 30105,WKHI
AMST 30107,WKAL
AMST 30117,WRIT
AMST 30119,WKSS
AMST 30122,WRIT
AMST 30162,WKHI
AMST 30165,WKCD
AMST 30165,WKHI
AMST 30190,WKHI
AMST 30192,WKHI
AMST 30201,WKAL
AMST 30203,WRIT
AMST 30203,WKAL
AMST 30249,WRIT
AMST 30249,WKAL
AMST 30271,WKAL
AMST 30332,WKHI
AMST 30362,WKHI
AMST 30460,WKHI
AMST 30460,WKSS
AMST 30467,WKHI
AMST 30519,WKSS
AMST 30614,WKHI
AMST 30911,WKHI
AMST 43145,WRIT
AMST 47909,WRIT
ANTH 10109,WKSS
ANTH 10110,WKSS
ANTH 10195,WKSS
ANTH 10202,WKSS
ANTH 10203,WKSS
ANTH 10204,WKSS
ANTH 13181,USEM
ANTH 13181,WKSS
ANTH 20093,WKAL
ANTH 20109,WKSS
ANTH 20202,WKSS
ANTH 20203,WKSS
ANTH 20204,WKSS
ANTH 20556,WKSP
ANTH 20556,WRIT
ANTH 30116,WKCD
ANTH 30116,WKHI
ANTH 30592,WKHI
ANTH 30910,WKHI
ANTH 33210,WKSS
ANTH 40200,WKAL
ANTH 40400,WRIT
ANTH 48900,WRIT
ANTH 63210,WKSS
ANTH 63592,WKHI
ARCH 11011,WKAL
ARCH 20211,WKAL
ARCH 60211,WKAL
ARHI 13182,WKAL
ARHI 13182,USEM
ARHI 20231,WKAL
ARHI 20310,WKAL
ARHI 20540,WKAL
ARHI 30375,WKAL
ARHI 30480,WKAL
ARHI 30482,WKAL
ARHI 30489,WRIT
ARHI 30489,WKAL
ARHI 30810,WKAL
ARHI 40253,WKAL
ARHI 43810,WRIT
ARHI 43810,WKAL
ARHI 60253,WKAL
ARHI 60310,WKAL
ARHI 60376,WKAL
ARHI 60480,WKAL
ARHI 60484,WKAL
ARHI 63810,WRIT
ARHI 63810,WKAL
ARST 10100,WKAL
ARST 10201,WKAL
ARST 10601,WKAL
ARST 20101,WKAL
ARST 20301,WKAL
ARST 20401,WKAL
ARST 20502,WKAL
ARST 20601,WKAL
ARST 20602,WKAL
ARST 20603,WKAL
ARST 20604,WKAL
ARST 60201,WKAL
ARST 60401,WKAL
ARST 61101,WKAL
ASIA 20203,WKSS
ASIA 20451,WKIN
ASIA 20451,WKHI
ASIA 20600,WKHI
ASIA 30056,WKHI
ASIA 30101,WKSP
ASIA 30101,WKHI
ASIA 30117,WKSS
ASIA 30171,WKHI
ASIA 30404,WKAL
ASIA 30413,WKAL
ASIA 33102,WKAL
BES 13188,WKCD
BES 13188,USEM
BES 20702,WKDT
BES 30310,WRIT
BES 30792,WKCD
BES 30795,WKCD
BES 33100,WKCD
BES 40470,WRIT
BES 40470,WKCD
BES 60400,WKCD
BIOS 10115,WKST
BIOS 10119,WKST
BIOS 20303,WKST
CBE 31358,WRIT
CDT 20100,WKAL
CDT 20101,WKAL
CDT 20110,WKAL
CDT 20510,WKSP
CDT 20510,WRIT
CDT 20701,WKSP
CDT 20704,WRIT
CDT 30720,WKHI
CDT 30797,WKSP
CDT 31420,WKAL
CE 20110,WKST
CE 20111,WKST
CE 20520,WKST
CHEM 10171,WKST
CHEM 10172,WKST
CHEM 10181,WKST
CHEM 20283,WKST
CHEM 40301,WRIT
CHR 20228,WKSS
CLAS 13186,WKAL
CLAS 13186,USEM
CLAS 20202,WKHI
CLAS 20350,WKAL
CLAS 30360,WKAL
CLAS 40304,WKHI
CLAS 60304,WKHI
CLAS 63019,WKHI
CLGR 30050,WKLC
CLGR 40510,WKLC
CLGR 60050,WKLC
CLGR 60510,WKLC
CLLA 30014,WKLC
CLLA 40016,WKLC
CLLA 60014,WKLC
CLLA 60016,WKLC
CNST 20003,WKSS
CNST 20200,WKSS
CNST 20403,WKSS
CNST 20602,WKSP
CNST 30004,WKHI
CNST 30022,WKHI
CNST 30215,WKCD
CNST 30227,WKHI
CNST 30404,WKSS
CNST 30405,WRIT
CNST 30405,WKSS
CNST 30428,WKHI
CNST 30605,WKHI
CNST 30622,WKHI
CNST 30646,WKIN
CNST 30646,WKCD
CNST 33200,WKAL
CSC 30856,WKHI
CSE 10001,WKST
CSLC 13002,WRIT
CSLC 20304,WRIT
CSLC 60304,WRIT
CSLC 73002,WRIT
CST 20619,WKDT
CST 23470,WKDT
CST 30856,WKHI
DESN 20101,WKAL
DESN 20200,WKAL
DESN 20203,WKAL
EALC 40411,WKLC
EALC 50511,WKLC
ECON 10010,WKSS
ECON 10020,WKSS
ECON 13181,USEM
ECON 13181,WKSS
ECON 20010,WKSS
ECON 20020,WKSS
ECON 30010,WKQR
ECON 30010,WKSS
ECON 30020,WKQR
ECON 30160,WKIN
ECON 30160,WKCD
ECON 30331,WKQR
ECON 30340,WKQR
ECON 33250,WKSP
ECON 33250,WKIN
ECON 33580,WRIT
ECON 43025,WRIT
ECON 43260,WRIT
ECON 43330,WRIT
ECON 43565,WRIT
ECON 43810,WRIT
ECON 43962,WRIT
ECON 47970,WRIT
ECON 48100,WRIT
ECON 48600,WRIT
EG 10117,WRIT
EG 10350,WKST
ENER 20333,WKST
ENGL 13186,WKAL
ENGL 13186,USEM
ENGL 20000,WKAL
ENGL 20001,WKAL
ENGL 20170,WRIT
ENGL 20170,WKAL
ENGL 20290,WRIT
ENGL 20290,WKAL
ENGL 20301,WKAL
ENGL 20305,WKAL
ENGL 20321,WKAL
ENGL 20381,WRIT
ENGL 20381,WKAL
ENGL 20436,WKAL
ENGL 20560,WKAL
ENGL 20680,WKAL
ENGL 20720,WKAL
ENGL 20791,WKAL
ENGL 20836,WRIT
ENGL 20836,WKAL
ENGL 20960,WRIT
ENGL 20960,WKAL
ENGL 30101,WRIT
ENGL 30101,WKAL
ENGL 30110,WKAL
ENGL 30115,WKAL
ENGL 30120,WRIT
ENGL 30120,WKAL
ENGL 30851,WKAL
ENGL 30853,WKAL
ENGL 30857,WRIT
ENGL 30857,WKAL
ENGL 40555,WRIT
ENGL 40771,WRIT
ENGL 40850,WKAL
ENGL 40852,WKAL
ENGL 40855,WKAL
ESS 20202,WKSS
ESS 20203,WKSS
ESS 20600,WKAL
ESS 20674,WRIT
ESS 30217,WKQR
ESS 30401,WRIT
ESS 30629,WRIT
ESS 30629,WKSS
ESS 30638,WKAL
ESS 30670,WKLC
ESS 33523,WKCD
ESS 33613,WKHI
ESS 33638,WKIN
ESS 35623,WRIT
ESS 43640,WRIT
ESS 43640,WKSS
EURO 20249,WKHI
EURO 20249,WKDT
EURO 30055,WKIN
EURO 30055,WKHI
EURO 30207,WKHI
EURO 30241,WKHI
EURO 30314,WKAL
EURO 30350,WKAL
EURO 30454,WKHI
EURO 30985,WKHI
EURO 33000,WRIT
EURO 33500,WKAL
EURO 40512,WKAL
FIN 30210,WKSS
FIN 40470,WRIT
FIN 40470,WKCD
FTT 13182,WKAL
FTT 13182,USEM
FTT 20101,WKAL
FTT 20720,WKAL
FTT 20801,WKAL
FTT 21001,WKAL
FTT 30118,WKAL
FTT 30162,WKHI
FTT 30461,WKAL
FTT 30520,WKAL
FTT 30603,WKAL
FTT 30635,WKIN
FTT 30714,WKAL
FTT 30801,WKAL
FTT 40469,WKHI
FTT 40512,WKAL
FTT 60801,WKAL
GE 13186,WKAL
GE 13186,USEM
GE 20453,WKSP
GE 30008,WKAL
GE 30008,WKHI
GE 30303,WKAL
GE 30303,WKLC
GE 30305,WKLC
GE 33245,WKIN
GE 33245,WKHI
GE 43201,WKAL
GLAF 10003,WKQR
GLAF 20002,WKSS
GLAF 20102,WKSP
GLAF 20102,WRIT
GLAF 20103,WKSS
GLAF 20104,WKIN
GLAF 20105,WKHI
GLAF 20107,WKIN
GLAF 20108,WKHI
GLAF 30100,WKAL
GLAF 30104,WKHI
GLAF 30139,WKAL
GSC 10001,WKSS
GSC 13181,USEM
GSC 13181,WKSS
GSC 20101,WKHI
GSC 20429,WKDT
GSC 20466,WKSS
GSC 20517,WKAL
GSC 20542,WRIT
GSC 20542,WKAL
GSC 20680,WKAL
GSC 30297,WKHI
GSC 30309,WKHI
GSC 30637,WRIT
GSC 30637,WKAL
GSC 30663,WKHI
GSC 30677,WKAL
GSC 35650,WKHI
GSC 40585,WRIT
GSC 43540,WKHI
GSC 43810,WRIT
GSC 43810,WKAL
GSC 48001,WRIT
GSC 60701,WRIT
GSC 83540,WKHI
HESB 10010,WKHI
HESB 20000,WKSS
HESB 20002,WKSS
HESB 20218,WKSP
HESB 20219,WKSS
HESB 20220,WKSS
HESB 20222,WKSP
HESB 20223,WKSP
HESB 20225,WKSS
HESB 20227,WKSS
HESB 20229,WRIT
HESB 20440,WKSP
HESB 30101,WKQR
HESB 30103,WKCD
HESB 30103,WKHI
HESB 30104,WKQR
HESB 30261,WKCD
HESB 30301,WKSS
HESB 30352,WKDT
HESB 30383,WKHI
HESB 30392,WKHI
HESB 30595,WRIT
HESB 30595,WKSS
HESB 30658,WKSS
HESB 48000,WRIT
HHS 10722,WKSS
HHS 20033,WKSS
HHS 20203,WKSS
HHS 20228,WKSS
HHS 20342,WKSS
HHS 20555,WRIT
HHS 20557,WKSP
HHS 20557,WRIT
HHS 30014,WKHI
HHS 30119,WKSS
HHS 30192,WKHI
HHS 30629,WRIT
HHS 30629,WKSS
HHS 30856,WKHI
HHS 30910,WKHI
HHS 33613,WKHI
HHS 43102,WKIN
HHS 43102,WRIT
HIST 10750,WKHI
HIST 20191,WKHI
HIST 20200,WKHI
HIST 20202,WKHI
HIST 20355,WKHI
HIST 20451,WKIN
HIST 20451,WKHI
HIST 20901,WKHI
HIST 30008,WKAL
HIST 30014,WKHI
HIST 30056,WKHI
HIST 30087,WKSP
HIST 30087,WKHI
HIST 30089,WKHI
HIST 30105,WKCD
HIST 30105,WKHI
HIST 30171,WKHI
HIST 30201,WKAL
HIST 30201,WKHI
HIST 30297,WKHI
HIST 30304,WKHI
HIST 30407,WKHI
HIST 30412,WKHI
HIST 30445,WKHI
HIST 30450,WKHI
HIST 30454,WKHI
HIST 30524,WKHI
HIST 30621,WKHI
HIST 30634,WKHI
HIST 30638,WKCD
HIST 30638,WKHI
HIST 30640,WKHI
HIST 30653,WKHI
HIST 30700,WKHI
HIST 30762,WKCD
HIST 30762,WKHI
HIST 30856,WKHI
HIST 30907,WKHI
HIST 30910,WKHI
HIST 30912,WKHI
HIST 30949,WKHI
HIST 30985,WKHI
HIST 32908,WKHI
HIST 33000,WRIT
HIST 35355,WKIN
HIST 35355,WKHI
HIST 35524,WKHI
HIST 35637,WKAL
HIST 35637,WKHI
HIST 35650,WKHI
HIST 35978,WKHI
HIST 35995,WKHI
HIST 65637,WKAL
HIST 65637,WKHI
HIST 83215,WKHI
HIST 83680,WKHI
HPS 80000,WKAL
HPS 90524,WKHI
IDS 30421,WKHI
IDS 30423,WKHI
IDS 30833,WKAL
IDS 43000,WRIT
IIPS 20101,WKIN
IIPS 20501,WKSS
IIPS 20506,WKDT
IIPS 20507,WKSS
IIPS 20701,WKDT
IIPS 30304,WKAL
IIPS 30437,WKCD
IIPS 30437,WKHI
IIPS 30521,WKHI
IIPS 30945,WRIT
IIPS 40609,WKHI
IIPS 43101,WRIT
ILS 20303,WKAL
ILS 20304,WKAL
ILS 20305,WKAL
ILS 20701,WKHI
ILS 20701,WKSS
ILS 20704,WKSS
ILS 20801,WKDT
ILS 20913,WKLC
ILS 30005,WKHI
ILS 30007,WKCD
ILS 30007,WKHI
ILS 30401,WKHI
ILS 30406,WKHI
ILS 30407,WKHI
ILS 30410,WKHI
ILS 30414,WKHI
ILS 30415,WKHI
ILS 30442,WKHI
ILS 30902,WKAL
ILS 30902,WKLC
ILS 30905,WKAL
ILS 30905,WKLC
ILS 30912,WKAL
ILS 30912,WKLC
ILS 43010,WRIT
ILS 43010,WKAL
ILS 43102,WKIN
ILS 43102,WRIT
ILS 43401,WKHI
ILS 48900,WRIT
IRLL 13186,WKAL
IRLL 13186,USEM
IRLL 20115,WKAL
IRLL 20120,WKAL
IRLL 30106,WRIT
IRLL 30106,WKAL
IRLL 30118,WKAL
IRLL 30314,WKAL
IRLL 30445,WKHI
IRST 20116,WKAL
IRST 20120,WKAL
IRST 30104,WRIT
IRST 30104,WKAL
IRST 30119,WKAL
IRST 30315,WKAL
IRST 30445,WKHI
ITAO 20200,WKQR
JED 30142,WRIT
JED 30144,WRIT
JED 30144,WKAL
JED 30144,WKCD
JED 30149,WRIT
KSGA 10002,WKSS
KSGA 13181,USEM
KSGA 13181,WKSS
KSGA 13188,WKCD
KSGA 13188,USEM
KSGA 20002,WKSS
KSGA 20600,WKHI
KSGA 30004,WKHI
KSGA 30307,WKAL
LLEA 13186,WKAL
LLEA 13186,USEM
LLEA 20304,WRIT
LLEA 30101,WKSP
LLEA 30101,WKHI
LLEA 30404,WKAL
LLEA 30413,WKAL
LLEA 33102,WKAL
LLRO 13186,WKAL
LLRO 13186,USEM
LLRO 40145,WKAL
LLRO 40145,WKCD
LLRO 40598,WKAL
MATH 10120,WKQR
MATH 10130,WKQR
MATH 10250,WKQR
MATH 10350,WKQR
MATH 10360,WKQR
MATH 10450,WKQR
MATH 10550,WKQR
MATH 10560,WKQR
MATH 10850,WKQR
MATH 13187,USEM
MATH 13187,WKQR
MATH 20550,WKQR
MATH 20570,WKQR
MATH 20580,WKQR
MATH 20610,WKQR
MATH 20630,WKQR
MATH 20750,WKQR
MATH 20810,WKQR
MATH 20850,WKQR
MATH 30210,WKQR
MATH 30530,WKQR
MATH 30650,WKQR
MATH 30710,WKQR
MATH 30750,WKQR
MATH 30810,WKQR
MATH 30850,WKQR
MDSC 30056,WKHI
MEAR 30005,WKLC
MEAR 40040,WKLC
MEAR 60005,WKLC
MEAR 80005,WKLC
MELC 20070,WKHI
MELC 30071,WKHI
MELC 60071,WKHI
MGA 63200,WRIT
MGTO 30600,WRIT
MGTO 30620,WRIT
MGTO 30623,WRIT
MGTO 30670,WRIT
MI 20276,WKHI
MI 20408,WKHI
MI 20408,WKDT
MI 20473,WKDT
MI 20503,WKDT
MI 20670,WKAL
MI 20705,WKAL
MI 20772,WKAL
MI 20822,WKSS
MI 30008,WKAL
MI 30008,WKHI
MI 30195,WKAL
MI 30243,WKHI
MI 30271,WKHI
MI 30577,WKAL
MI 30577,WKLC
MI 30659,WKHI
MI 30820,WKAL
MI 33824,WKAL
MI 40003,WKLC
MI 40552,WKAL
MI 40552,WKCD
MI 40703,WKAL
MI 60003,WKLC
MI 60577,WKAL
MI 60577,WKLC
MI 60659,WKHI
MI 60703,WKAL
MI 63471,WKHI
MUS 10090,WKAL
MUS 10131,WKAL
MUS 10140,WKAL
MUS 13182,WKAL
MUS 13182,USEM
MUS 20001,WKAL
MUS 20003,WKAL
MUS 20101,WKAL
MUS 30003,WKAL
NSBH 40301,WRIT
PHIL 10101,WKFP
PHIL 10103,WKFP
PHIL 10104,WKFP
PHIL 10106,WKFP
PHIL 10107,WKFP
PHIL 10108,WKFP
PHIL 10111,WKFP
PHIL 13185,WKFP
PHIL 13185,USEM
PHIL 13195,WKFP
PHIL 20101,WKFP
PHIL 20111,WKFP
PHIL 20206,WKSP
PHIL 20210,WKSP
PHIL 20211,WKSP
PHIL 20235,WKSP
PHIL 20401,WKSP
PHIL 20413,WKSP
PHIL 20441,WKSP
PHIL 20602,WKSP
PHIL 20617,WKSP
PHIL 20628,WKSP
PHIL 20801,WKSP
PHIL 20803,WKSP
PHIL 20804,WKSP
PHIL 24503,WKSP
PHIL 30304,WKSP
PHIL 30305,WKSP
PHIL 30310,WRIT
PHIL 30313,WKSP
PHIL 30313,WKQR
PHIL 30329,WKSP
PHIL 43303,WKSP
PHIL 43404,WKSP
PHIL 43404,WKIN
PHIL 43907,WKQR
PHIL 48499,WRIT
PHIL 83901,WKQR
PHYS 10033,WKST
PHYS 10063,WKST
PHYS 10111,WKST
PHYS 10140,WKST
PHYS 10240,WKST
PHYS 10310,WKST
PHYS 10320,WKST
PHYS 10411,WKST
PHYS 20063,WKST
PHYS 20065,WKIN
PHYS 20065,WKST
PHYS 20140,WKST
PHYS 20210,WKST
PHYS 20220,WKST
PHYS 20333,WKST
PHYS 20451,WKQR
PHYS 30239,WKST
PLS 13186,WKAL
PLS 13186,USEM
PLS 20201,WKAL
PLS 20301,WKSP
PLS 20301,WKFP
PLS 30301,WKSP
PLS 30412,WKST
PLS 30501,WKAL
PLS 40301,WKDT
PLS 40601,WKHI
PLS 48701,WRIT
POLS 10101,WKSS
POLS 10200,WKSS
POLS 10400,WKSS
POLS 10600,WKSP
POLS 13181,USEM
POLS 13181,WKSS
POLS 20101,WKSS
POLS 20200,WKSS
POLS 20400,WKSS
POLS 20600,WKSP
POLS 30005,WKSS
POLS 30201,WKSS
POLS 30304,WKIN
POLS 30304,WKST
POLS 30470,WKIN
POLS 30470,WKHI
POLS 30540,WKAL
POLS 30654,WKCD
POLS 43001,WRIT
POLS 43640,WKSP
POLS 43640,WKIN
POLS 53001,WRIT
POLS 60691,WRIT
PRL 20206,WKSP
PRL 40115,WKAL
PRL 40115,WKCD
PS 23000,WRIT
PS 43000,WRIT
PSY 10000,WKSS
PSY 13181,USEM
PSY 13181,WKSS
PSY 20000,WKSS
PSY 30100,WKQR
PSY 30160,WRIT
PSY 30635,WKIN
PSY 43271,WRIT
PSY 43359,WRIT
ROFR 30310,WKAL
ROFR 30310,WKLC
ROFR 30320,WKLC
ROFR 30710,WKAL
ROFR 30710,WKLC
ROFR 60710,WKAL
ROFR 60710,WKLC
ROIT 30310,WKAL
ROIT 30310,WKLC
ROIT 30711,WKAL
ROIT 30711,WKLC
ROIT 40115,WKAL
ROIT 40115,WKCD
ROIT 40512,WKAL
ROIT 53000,WRIT
ROIT 53000,WKLC
ROIT 60512,WKAL
ROIT 63115,WKAL
ROIT 63115,WKCD
ROIT 63711,WKAL
ROIT 63711,WKLC
ROPO 30551,WKAL
ROPO 30551,WKLC
ROPO 40598,WKAL
ROSP 30051,WKLC
ROSP 30201,WKHI
ROSP 30201,WKSS
ROSP 30310,WKAL
ROSP 30310,WKLC
ROSP 30320,WKLC
ROSP 30715,WKAL
ROSP 30715,WKLC
ROSP 30820,WKAL
ROSP 30820,WKLC
ROSP 40771,WKLC
ROSP 53000,WRIT
ROSP 53000,WKLC
RU 30101,WKLC
RU 30202,WKAL
RU 30350,WKAL
RU 30355,WKHI
RU 33500,WKAL
RU 43100,WKAL
RU 43100,WKLC
RU 60301,WKLC
SC 10200,WKST
SC 20110,WKST
SC 20200,WKST
SC 20500,WRIT
SCGE 20600,WKAL
SCPP 40397,WRIT
SEI 23000,WRIT
SMAC 30101,WKHI
SMAC 30107,WRIT
SMAC 30108,WKSS
SMAC 30603,WRIT
SMAC 40101,WRIT
SOC 10002,WKSS
SOC 10342,WKSS
SOC 10672,WKSS
SOC 10722,WKSS
SOC 10732,WKSS
SOC 13181,USEM
SOC 13181,WKSS
SOC 20002,WKSS
SOC 20033,WKSS
SOC 20228,WKSS
SOC 20342,WKSS
SOC 20558,WKSS
SOC 20672,WKSS
SOC 20722,WKSS
SOC 20732,WKSS
SOC 30900,WRIT
SOC 30903,WKQR
SOC 33028,WKHI
SOC 33638,WKIN
SOC 40200,WKAL
SOC 48009,WRIT
STV 10115,WKST
STV 10119,WKST
STV 10750,WKHI
STV 20065,WKIN
STV 20065,WKST
STV 20102,WKSP
STV 20202,WKAL
STV 20204,WKSS
STV 20228,WKSP
STV 20331,WKSS
STV 20556,WKSP
STV 20556,WRIT
STV 20603,WKAL
STV 20617,WKSP
STV 20760,WRIT
STV 20760,WKAL
STV 20760,WKCD
STV 20888,WKDT
STV 20918,WKHI
STV 30055,WKHI
STV 30056,WKHI
STV 30106,WKAL
STV 30192,WKHI
STV 30307,WKAL
STV 30355,WKHI
STV 30407,WKHI
STV 30454,WKHI
STV 30461,WKAL
STV 30524,WKHI
STV 30634,WKHI
STV 30635,WKIN
STV 30900,WRIT
STV 30910,WKHI
STV 30950,WKHI
STV 40698,WRIT
STV 43120,WKHI
SUS 20203,WKAL
SUS 20350,WKDT
SUS 20760,WRIT
SUS 20760,WKAL
SUS 20760,WKCD
SUS 20888,WKDT
SUS 30592,WKHI
TEC 20101,WKSP
TEC 20112,WKSP
TEC 20112,WRIT
TEC 23201,WRIT
TEC 33997,WKSP
THEO 10001,WKFT
THEO 10002,WKFT
THEO 10801,WKFT
THEO 13002,WKFT
THEO 13183,USEM
THEO 13183,WKFT
THEO 20210,WKDT
THEO 20214,WKDT
THEO 20249,WKHI
THEO 20249,WKDT
THEO 20264,WKDT
THEO 20424,WKDT
THEO 20425,WKDT
THEO 20429,WKDT
THEO 20606,WKDT
THEO 20619,WKDT
THEO 20639,WKDT
THEO 20666,WKDT
THEO 20673,WKDT
THEO 20677,WKDT
THEO 20679,WKDT
THEO 20811,WKDT
THEO 20813,WKDT
THEO 20830,WKDT
THEO 20847,WKDT
THEO 20888,WKDT
THEO 20895,WKDT
THEO 20896,WKDT
THEO 30702,WKHI
THEO 40205,WKAL
THEO 40212,WKAL
THEO 40212,WKCD
THEO 40627,WKCD
THEO 40641,WRIT
THEO 40641,WKCD
THEO 40648,WKIN
THEO 40648,WKCD
THEO 40862,WRIT
THEO 40880,WRIT
THEO 40883,WRIT
THEO 60248,WKAL
THEO 83003,WKLC
THEO 83215,WKHI
WR 13100,WRRH
WR 13300,WRRH
WR 13400,WRRH
WR 13400,WRIT
