ACCT 20100,BCOR
ACCT 20200,BBRD
ACCT 30100,BAMC
ACCT 30110,BAMC
ACCT 30120,BAMC
ACCT 30160,BAHP
ACCT 30160,ENST
ACCT 30160,BAMC
ACCT 30210,BAMC
ACCT 30280,BAMC
ACCT 40510,BAMC
ACCT 40610,BBRD
ACCT 40610,BAMC
ACCT 40620,BAMC
ACCT 40660,BAHP
ACCT 40660,ZCSC
ACCT 40670,BAHP
ACCT 40670,ZCSC
ACCT 40790,ZCSC
ACCT 40840,BAHP
ACCT 40840,BAMC
ACMS 10140,MATH
ACMS 10140,WKQR
ACMS 10141,WKQR
ACMS 10560,WKQR
ACMS 20220,CHEM
ACMS 20220,CHSE
ACMS 20220,BIOS
ACMS 20220,NBSE
ACMS 20220,WKQR
ACMS 20340,WKQR
ACMS 20340,CHEM
ACMS 20340,CHSE
ACMS 20550,WKQR
ACMS 20620,WKQR
ACMS 20750,WKQR
ACMS 20750,CHEM
ACMS 20750,ENST
ACMS 20750,CHSE
ACMS 30440,AERO
ACMS 30440,AERT
ACMS 30530,WKQR
ACMS 30540,CHEM
ACMS 30540,MATH
ACMS 30540,CHSE
ACMS 30540,MSCE
ACMS 30540,WKQR
ACMS 40390,CHEM
ACMS 40390,CHSE
ACMS 40730,CHEM
ACMS 40730,CHSE
ACMS 46800,CHEM
ACMS 46800,CHSE
ACTG 20200,MATG
AFST 10576,AFAL
AFST 10576,AFST
AFST 20082,IBCL
AFST 20082,WKAL
AFST 20082,AFSS
AFST 20082,AFST
AFST 20082,AFHI
AFST 20082,FNAR
AFST 20216,WKHI
AFST 20216,AFST
AFST 20216,AFHI
AFST 20302,WKDT
AFST 20401,WKAL
AFST 20401,AFST
AFST 20401,AFSS
AFST 20401,FNAR
AFST 20600,IBCL
AFST 20600,WKSS
AFST 20600,AFSS
AFST 20600,SOSC
AFST 20600,AFST
AFST 20781,WKHI
AFST 20781,HIST
AFST 20781,WKSS
AFST 20781,SOSC
AFST 20781,AFST
AFST 20781,AFHI
AFST 30001,AFAL
AFST 30001,AFST
AFST 30077,AFST
AFST 30077,CSTE
AFST 30077,AFSS
AFST 30102,AFAL
AFST 30102,AFST
AFST 30104,WKHI
AFST 30104,HIST
AFST 30105,WKHI
AFST 30105,AFST
AFST 30105,HIST
AFST 30105,AFSS
AFST 30114,AFAL
AFST 30114,WKHI
AFST 30114,AFST
AFST 30215,WKHI
AFST 30215,HIST
AFST 30215,AFSS
AFST 30215,AFST
AFST 30215,AFHI
AFST 30232,WKHI
AFST 30232,AFST
AFST 30232,AFHI
AFST 30245,WKAL
AFST 30245,AFST
AFST 30245,AFSS
AFST 30246,WKHI
AFST 30246,AFST
AFST 30246,AFSS
AFST 30260,WKHI
AFST 30260,AFST
AFST 30260,AFHI
AFST 30298,WKHI
AFST 30298,AFST
AFST 30298,AFHI
AFST 30601,AFST
AFST 30601,AFSS
AFST 30682,AFST
AFST 30682,WKSP
AFST 30682,AFSS
AFST 30691,AFST
AFST 30691,AFSS
AFST 30692,AFST
AFST 30692,AFSS
AFST 33004,AFAL
AFST 33004,AFST
AFST 33102,AFAL
AFST 33102,WKAL
AFST 33102,AFST
AFST 40117,AFAL
AFST 40117,WKAL
AFST 40117,AFST
AFST 40711,AFST
AFST 40711,AFSS
AFST 41675,AFST
AFST 41675,AFSS
AFST 43644,AFST
AFST 43644,AFSS
AFST 45100,ZINT
ALHN 13186,ALHN
ALHN 13186,WKAL
ALHN 13186,USEM
ALHN 13186,WRRH
ALHN 13950,ALHN
ALHN 13950,WKAL
ALHN 13950,USEM
ALHN 13950,WRRH
ALHN 33000,ALHN
ALHN 33000,WKAL
ALHN 33000,FNAR
ALHN 42351,ALHN
ALHN 48980,ALHN
ALSF 20255,WKSP
ALSF 30147,WRIT
AME 20222,ENST
AME 20231,ENST
AME 30333,ENST
AME 30334,ENST
AME 30386,BIOE
AME 40573,BIOE
AME 60538,MSAE
AME 60636,ENST
AME 60649,MSAE
AME 60677,BIOE
AME 60770,BIOE
AMST 13184,WKHI
AMST 13184,HIST
AMST 13184,USEM
AMST 30104,AMST
AMST 30108,WKHI
AMST 30108,HIST
AMST 30112,WKHI
AMST 30112,AMST
AMST 30112,HIST
AMST 30119,WKSS
AMST 30119,SOSC
AMST 30133,WKHI
AMST 30133,HIST
AMST 30136,AMST
AMST 30136,WRIT
AMST 30141,WKAL
AMST 30141,AMST
AMST 30144,WKAL
AMST 30145,WKSS
AMST 30145,AMST
AMST 30145,CSTE
AMST 30146,AMST
AMST 30148,PSIM
AMST 30148,WKHI
AMST 30148,AMST
AMST 30148,CSTE
AMST 30154,WKHI
AMST 30154,CSTE
AMST 30169,WKHI
AMST 30169,AMST
AMST 30169,HIST
AMST 30177,WKHI
AMST 30177,HIST
AMST 30183,AMST
AMST 30272,WKAL
AMST 30313,WKHI
AMST 30313,AMST
AMST 30313,HBNA
AMST 30313,HIST
AMST 30321,WKHI
AMST 30321,HIST
AMST 30321,ZCSC
AMST 30321,AMST
AMST 30321,ENST
AMST 30331,WKHI
AMST 30331,AMST
AMST 30331,HIST
AMST 30393,WKHI
AMST 30393,HBNA
AMST 30393,HIST
AMST 30428,WKSS
AMST 30428,IBCL
AMST 30428,AMST
AMST 30428,SOSC
AMST 30431,AMST
AMST 30431,MPPE
AMST 30431,ALSS
AMST 30454,ESEI
AMST 30454,WRIT
AMST 30454,MEDS
AMST 30454,PSIM
AMST 30454,ESSC
AMST 30460,WKHI
AMST 30460,HIST
AMST 30460,AMST
AMST 30460,WKSS
AMST 30460,SOSC
AMST 30468,WKSS
AMST 30468,SOSC
AMST 30500,ALSS
AMST 30703,WKAL
AMST 30703,AMST
AMST 30703,FNAR
AMST 30705,WKHI
AMST 30761,GSGS
AMST 30761,GSIS
AMST 30904,AFST
AMST 30904,AFSS
AMST 30954,WKHI
AMST 30992,WKHI
AMST 40420,AFST
AMST 40420,AMST
AMST 40420,AFSS
AMST 40613,WKHI
AMST 40613,HIST
AMST 43144,AMST
ANTH 10118,AFAL
ANTH 10118,AFST
ANTH 10195,WKSS
ANTH 10195,ALHN
ANTH 10195,ALSS
ANTH 10195,SOSC
ANTH 10202,WKSS
ANTH 10202,ALSS
ANTH 10202,SOSC
ANTH 10204,WKSS
ANTH 10204,ALSS
ANTH 10204,SOSC
ANTH 10311,ALSS
ANTH 10311,ANME
ANTH 10311,WKSS
ANTH 10311,ANTH
ANTH 10311,SOSC
ANTH 10377,WKCD
ANTH 13181,WKSS
ANTH 13181,USEM
ANTH 13181,ALSS
ANTH 13181,SOSC
ANTH 13200,ENST
ANTH 13200,ALSS
ANTH 20011,ZCSC
ANTH 20011,MPPE
ANTH 20011,ENST
ANTH 20109,WKSS
ANTH 20109,ALSS
ANTH 20109,SOSC
ANTH 20110,ALSS
ANTH 20110,CDDF
ANTH 20110,ANME
ANTH 20110,WKIN
ANTH 20110,ANTH
ANTH 20110,CDAH
ANTH 20110,CDCY
ANTH 20202,WKSS
ANTH 20202,ALSS
ANTH 20202,SOSC
ANTH 20203,ASSS
ANTH 20203,ALSS
ANTH 20203,WKSS
ANTH 20203,GLBC
ANTH 20203,SOSC
ANTH 20204,WKSS
ANTH 20204,ALSS
ANTH 20204,SOSC
ANTH 20303,WKSS
ANTH 20303,GLBC
ANTH 20377,WKCD
ANTH 20377,ALSS
ANTH 20701,WKHI
ANTH 20701,HIST
ANTH 20701,ALSS
ANTH 20701,AMST
ANTH 20701,WKSS
ANTH 20701,BEHA
ANTH 20701,SOSC
ANTH 20701,AFST
ANTH 20701,AFHI
ANTH 23200,ENST
ANTH 23200,ALSS
ANTH 30025,ASSS
ANTH 30025,GLBC
ANTH 30025,ALSS
ANTH 30036,CDDF
ANTH 30036,ANME
ANTH 30036,CDUI
ANTH 30036,ANTH
ANTH 30041,WKAL
ANTH 30041,AMST
ANTH 30071,ALSS
ANTH 30071,AFST
ANTH 30071,AFSS
ANTH 30115,WKSS
ANTH 30115,CSTE
ANTH 30115,ALSS
ANTH 30121,ANME
ANTH 30121,ALSS
ANTH 30121,ANTH
ANTH 30123,ALSS
ANTH 30302,GLEL
ANTH 30302,ALSS
ANTH 30307,GLEL
ANTH 30307,ALSS
ANTH 33201,CETE
ANTH 33201,ANME
ANTH 33201,ESSE
ANTH 33201,ANTH
ANTH 33201,ENST
ANTH 33315,ALSS
ANTH 33333,ANME
ANTH 33333,ALSS
ANTH 33333,ANTH
ANTH 40029,GSGS
ANTH 40066,GLEL
ANTH 40066,ALSS
ANTH 40121,ANME
ANTH 40121,ALSS
ANTH 40121,ANTH
ANTH 40123,ALSS
ANTH 40201,ZCSC
ANTH 40201,ANME
ANTH 40201,ALSS
ANTH 40201,ANTH
ANTH 40300,ALSS
ANTH 40302,ALSS
ANTH 40400,WRIT
ANTH 40400,ALSS
ANTH 40700,ANME
ANTH 40700,ALSS
ANTH 40700,ANTH
ANTH 40707,ANME
ANTH 40707,ALSS
ANTH 40707,ANTH
ANTH 40763,ALSS
ANTH 40825,GSGS
ANTH 40825,WRIT
ANTH 40825,ALSS
ANTH 40825,ANME
ANTH 40825,CSTE
ANTH 40825,GSDI
ANTH 40825,ANTH
ANTH 40825,PSIM
ANTH 41840,ANME
ANTH 41840,ANTH
ANTH 43101,ANME
ANTH 43101,ALSS
ANTH 43101,ANTH
ANTH 43102,ALSS
ANTH 43255,ANME
ANTH 43255,ANTH
ANTH 43257,ANME
ANTH 43257,ALSS
ANTH 43257,ANTH
ANTH 43500,ALSS
ANTH 48900,WRIT
ANTH 60093,ALSS
ANTH 60093,ANME
ANTH 60093,CDUI
ANTH 60093,WKAL
ANTH 60093,ZCSC
ANTH 60093,CDND
ANTH 60093,MEDS
ANTH 60093,ESED
ANTH 60093,ANTH
ANTH 60093,FNAR
ANTH 60121,ANME
ANTH 60121,ALSS
ANTH 60121,ANTH
ANTH 60123,ALSS
ANTH 60300,ALSS
ANTH 60707,ALSS
ANTH 60825,WRIT
ANTH 60825,ALSS
ANTH 60825,ANME
ANTH 60825,ANTH
ANTH 60825,PSIM
ANTH 63101,ANME
ANTH 63101,ALSS
ANTH 63101,ANTH
ANTH 63333,ANME
ANTH 63333,ALSS
ANTH 63333,ANTH
ANTH 63500,ANME
ANTH 63500,ALSS
ANTH 63500,ANTH
ARCH 10211,WKAL
ARCH 10211,WKHI
ARCH 10211,FNAR
ARCH 20221,WKAL
ARCH 20221,FNAR
ARCH 41711,ZCSC
ARCH 53311,WKCD
ARCH 53311,WKAL
ARCH 53311,FNAR
ARCH 53411,ZCSC
ARCH 60221,MESE
ARCH 73321,ULTA
ARHI 10211,WKAL
ARHI 10211,WKHI
ARHI 10211,FNAR
ARHI 13182,WKAL
ARHI 13182,USEM
ARHI 13182,FNAR
ARHI 20103,WKIN
ARHI 20310,WKAL
ARHI 20310,AHMO
ARHI 20310,ARHI
ARHI 20310,AHPO
ARHI 20310,FNAR
ARHI 20451,WKAL
ARHI 20451,FNAR
ARHI 30204,ARHI
ARHI 30204,AHMA
ARHI 30204,AHPR
ARHI 30820,ARHI
ARHI 30820,AHMO
ARHI 30820,AHPO
ARHI 40231,ARHI
ARHI 40231,AHMA
ARHI 40231,AHPR
ARHI 60310,WKAL
ARHI 60310,FNAR
ARHI 67371,ARHI
ARHI 67371,AHRB
ARHI 67472,ARHI
ARHI 67472,AHMO
ARST 10100,WKAL
ARST 10100,FNAR
ARST 10201,WKAL
ARST 10201,FNAR
ARST 10601,WKAL
ARST 10601,FNAR
ARST 20101,WKAL
ARST 20101,FNAR
ARST 20301,WKAL
ARST 20301,FNAR
ARST 20401,WKAL
ARST 20401,FNAR
ARST 20401,CDAH
ARST 20401,CDDF
ARST 20501,WKAL
ARST 20501,FNAR
ARST 20601,WKAL
ARST 20601,FNAR
ARST 20602,WKAL
ARST 20602,FNAR
ARST 20603,WKAL
ARST 20603,FNAR
ARST 20604,WKAL
ARST 20604,FNAR
ASIA 10154,ASHU
ASIA 11203,ASLI
ASIA 11204,ASLI
ASIA 11205,ASLI
ASIA 17001,ASHU
ASIA 20033,WKAL
ASIA 20033,ASLI
ASIA 20055,ASSS
ASIA 20055,WKHI
ASIA 20055,ASHI
ASIA 20101,ASSS
ASIA 20101,ASHU
ASIA 20200,ASSS
ASIA 20203,WKSS
ASIA 20203,ASSS
ASIA 20203,SOSC
ASIA 20300,WKSS
ASIA 20300,ASSS
ASIA 20600,WKHI
ASIA 20600,GLBC
ASIA 20600,ASHU
ASIA 20600,ASHI
ASIA 20708,WKDT
ASIA 20708,ASHU
ASIA 30002,ASSS
ASIA 30023,ASHU
ASIA 30023,ASLI
ASIA 30056,WKHI
ASIA 30056,HIST
ASIA 30056,ASHU
ASIA 30056,ASHI
ASIA 30094,WKHI
ASIA 30094,HIST
ASIA 30094,ASHI
ASIA 30101,WKHI
ASIA 30101,HIST
ASIA 30101,IBCL
ASIA 30101,WKSP
ASIA 30101,MPRL
ASIA 30117,WKSS
ASIA 30117,ASHU
ASIA 30117,SOSC
ASIA 30117,ASHI
ASIA 30133,WKHI
ASIA 30133,HIST
ASIA 30281,ASSS
ASIA 30281,ASHU
ASIA 30281,WRIT
ASIA 30315,WKAL
ASIA 30315,ASHU
ASIA 30315,ASLI
ASIA 30340,IBCL
ASIA 30340,WKAL
ASIA 30340,ASLI
ASIA 30340,ASHU
ASIA 30340,FNAR
ASIA 30342,WKHI
ASIA 30342,ASHI
ASIA 30600,ASHU
ASIA 30600,ENST
ASIA 30750,ASSS
ASIA 33320,WKAL
ASIA 33320,ASLI
ASIA 33333,ANME
ASIA 33333,ALSS
ASIA 33333,ANTH
ASIA 33848,WKAL
ASIA 33848,ASHU
ASIA 33848,ASLI
ASIA 33848,WKLC
ASIA 40130,WKAL
ASIA 40130,ASLI
ASIA 40130,FNAR
ASIA 40212,ASSS
ASIA 40403,ASSS
ASIA 40403,ENST
ASIA 40413,ASLI
ASIA 40726,ASHU
ASIA 40726,WRIT
ASIA 40763,ASSS
BALW 30100,BBRD
BASC 20200,ZCSC
BAUG 37000,ZINT
BES 13188,WKCD
BES 13188,USEM
BES 20702,BAHP
BES 20702,WKDT
BES 23001,BAHP
BES 30310,BAHP
BES 30310,WRIT
BES 30792,BAHP
BES 30792,WKCD
BES 30795,WKCD
BES 32792,BAHP
BES 43100,BAHP
BES 43200,BAHP
BES 48000,BAHP
BES 60400,WKCD
BIOS 10010,WKCD
BIOS 10010,ENST
BIOS 10010,CSTE
BIOS 10115,WKST
BIOS 10115,NASC
BIOS 10119,WKST
BIOS 10119,NASC
BIOS 10172,WKST
BIOS 10172,NASC
BIOS 20204,ZCSC
BIOS 20241,CBMC
BIOS 20241,CHEM
BIOS 20241,NASC
BIOS 20241,CMNB
BIOS 20241,WKST
BIOS 20241,CCDB
BIOS 20241,CHSE
BIOS 20303,WKST
BIOS 20303,CHEM
BIOS 20303,NASC
BIOS 20303,CHSE
BIOS 20480,MATH
BIOS 20480,WKQR
BIOS 21303,CHEM
BIOS 21303,BLAB
BIOS 21303,CHSE
BIOS 27241,CHEM
BIOS 27241,BLAB
BIOS 27241,CHSE
BIOS 30310,CHEM
BIOS 30310,CEAG
BIOS 30310,CEAE
BIOS 30310,CHSE
BIOS 30312,ENST
BIOS 30312,CHEM
BIOS 30312,CEAE
BIOS 30312,CHSE
BIOS 30338,CBMC
BIOS 30338,CHEM
BIOS 30338,CMNB
BIOS 30338,NSBH
BIOS 30338,MCCE
BIOS 30338,CHSE
BIOS 30341,CBMC
BIOS 30341,CHEM
BIOS 30341,CMNB
BIOS 30341,CCDB
BIOS 30341,CHSE
BIOS 30342,CCDB
BIOS 30344,CBMC
BIOS 30344,CHEM
BIOS 30344,CMNB
BIOS 30344,NSBH
BIOS 30344,CHSE
BIOS 30401,CBMC
BIOS 30401,CHEM
BIOS 30401,CEAE
BIOS 30401,CIDG
BIOS 30401,CHSE
BIOS 30404,CHEM
BIOS 30404,CEAG
BIOS 30404,CEAE
BIOS 30404,CHSE
BIOS 30408,CHEM
BIOS 30408,CHSE
BIOS 30423,CHEM
BIOS 30423,CHSE
BIOS 30424,CBMC
BIOS 30424,CCDB
BIOS 30456,CBMC
BIOS 30456,CIDG
BIOS 30465,CEAE
BIOS 31341,CHEM
BIOS 31341,BLAB
BIOS 31341,CHSE
BIOS 31401,CHEM
BIOS 31401,BLAB
BIOS 31401,CHSE
BIOS 31408,CHEM
BIOS 31408,BLAB
BIOS 31408,CHSE
BIOS 33201,ENST
BIOS 33201,CEAE
BIOS 35501,CHEM
BIOS 35501,CHSE
BIOS 37494,CHEM
BIOS 37494,CHSE
BIOS 40203,CBMC
BIOS 40203,NSBH
BIOS 40203,CIDG
BIOS 40310,CBMC
BIOS 40339,NSBH
BIOS 40340,CMNB
BIOS 40340,CBMC
BIOS 40340,CEAG
BIOS 40340,NSBH
BIOS 40411,CBMC
BIOS 40411,CHEM
BIOS 40411,CEAG
BIOS 40411,CMNB
BIOS 40411,CCDB
BIOS 40411,CEAE
BIOS 40411,CIDG
BIOS 40411,WKQR
BIOS 40411,CHSE
BIOS 40414,CBMC
BIOS 40414,CCDB
BIOS 40414,NSBH
BIOS 40415,CBMC
BIOS 40415,CHEM
BIOS 40415,CIDG
BIOS 40415,PSIM
BIOS 40415,CHSE
BIOS 40425,CEAG
BIOS 40425,CEAE
BIOS 40427,CEAE
BIOS 40427,CIDG
BIOS 40451,ZCSC
BIOS 40508,CEAE
BIOS 40572,NSBH
BIOS 40580,CMNB
BIOS 40580,CBMC
BIOS 40580,NSBH
BIOS 41340,BLAB
BIOS 41415,CHEM
BIOS 41415,BLAB
BIOS 41415,CHSE
BIOS 41425,BLAB
BIOS 42411,CHEM
BIOS 42411,CHSE
BIOS 60206,ENST
BIOS 60532,CHEM
BIOS 60532,CCDB
BIOS 60532,CHSE
BIOS 60552,CEAE
BIOS 60565,NSBH
BIOS 60570,CBMC
BIOS 60570,CCDB
BIOS 60574,CHEM
BIOS 60574,CEAG
BIOS 60574,CHSE
BIOS 60577,CHEM
BIOS 60577,CHSE
BIOS 60579,PSIM
BIOS 60579,CHEM
BIOS 60579,CHSE
BIOS 60580,CHEM
BIOS 60580,CHSE
BIOS 60583,CHEM
BIOS 60583,CHSE
CBE 20260,ENST
CBE 20280,BIOE
CBE 30356,ENST
CBE 30386,BIOE
CBE 31358,WRIT
CBE 40020,ENST
CBE 40325,BIOE
CBE 40435,ENST
CBE 40448,ENST
CBE 40477,ENST
CBE 40479,BIOE
CBE 40725,BIOE
CBE 40725,ENST
CBE 40888,BIOE
CBE 60435,MSAE
CBE 60577,MSAE
CBE 60623,MSAE
CBE 60725,MSAE
CBE 60888,MSAE
CDT 10200,CDCY
CDT 20101,FNAR
CDT 20101,WKAL
CDT 20101,CDUI
CDT 20101,CDDF
CDT 20600,ESSL
CDT 20600,ESEI
CDT 20600,MEDS
CDT 20701,WKSP
CDT 20701,CDAH
CDT 20701,CDDF
CDT 20706,WKIN
CDT 20706,CDCY
CDT 20706,CDAH
CDT 20706,CDDF
CDT 21102,CDUI
CDT 21102,CDDF
CDT 30010,CDCR
CDT 30020,CDCR
CDT 30030,CDCR
CDT 30110,CDUI
CDT 30110,CDDF
CDT 30120,CDUI
CDT 30120,CDDF
CDT 30135,CDUI
CDT 30135,CDDF
CDT 30140,CDUI
CDT 30140,CDDF
CDT 30200,CDTD
CDT 30200,CDCY
CDT 30200,CDDF
CDT 30305,CDND
CDT 30305,CDAH
CDT 30385,CDAH
CDT 30385,CDDF
CDT 30425,WKAL
CDT 30425,FNAR
CDT 30425,CDAH
CDT 30425,CDDF
CDT 30510,CDND
CDT 30510,CDUI
CDT 30540,CDND
CDT 30540,CDUI
CDT 30540,CDDF
CDT 30550,CDND
CDT 30550,CDUI
CDT 30610,CDTD
CDT 30610,CDDF
CDT 30614,CDTD
CDT 30614,CDDF
CDT 30709,CDAH
CDT 30709,CDDF
CDT 30750,CDDF
CDT 30750,CDUI
CDT 30750,CDTD
CDT 30750,WKIN
CDT 30750,CDAH
CDT 30797,WKSP
CDT 30797,CDAH
CDT 30797,CDDF
CDT 31130,CDUI
CDT 31130,CDDF
CDT 31150,CDUI
CDT 31150,CDDF
CDT 31420,WKAL
CDT 31420,FNAR
CDT 31420,CDAH
CDT 31420,CDDF
CDT 33698,CDTD
CDT 33698,PSIM
CDT 33698,CDAH
CDT 33698,CDDF
CDT 37110,CDUI
CDT 37110,CDDF
CDT 37200,CDCY
CDT 37200,CDDF
CDT 37410,CDAH
CDT 37410,CDDF
CDT 37610,CDTD
CDT 37610,CDDF
CDT 40120,CDUI
CDT 40120,CDTD
CDT 40120,CDDF
CDT 40177,CDUI
CDT 40177,CDDF
CDT 40205,CDTD
CDT 40205,CDCY
CDT 40205,CDDF
CDT 40401,CDAH
CDT 40401,CDDF
CDT 40408,CDTD
CDT 40408,CDAH
CDT 40408,CDDF
CDT 40630,CDND
CDT 40630,CDTD
CDT 40700,CDAH
CDT 40700,CDDF
CDT 40701,CDAH
CDT 40701,CDDF
CDT 40711,CDTD
CDT 40711,CDAH
CDT 40711,CDDF
CDT 42216,CDCY
CDT 42216,CDDF
CDT 47300,CDCY
CDT 47300,CDDF
CDT 61150,CDUI
CDT 61150,CDDF
CE 20300,ENST
CE 20320,ENST
CE 20700,SEIE
CE 20700,ENST
CE 20700,MREL
CE 20700,CSTE
CE 30160,WRIT
CE 30210,AERO
CE 30210,AERT
CE 30530,ENST
CE 30555,ENST
CE 30610,MREL
CE 33100,CETE
CE 33400,CETE
CE 40350,ENST
CE 40420,ENST
CE 40450,AERO
CE 40450,AERT
CE 40702,ZCSC
CE 60323,MSAE
CHEM 10101,WKST
CHEM 10101,NASC
CHEM 10104,WKST
CHEM 10122,WKST
CHEM 10122,NASC
CHEM 10172,WKST
CHEM 10172,NASC
CHEM 10182,WKST
CHEM 10182,NASC
CHEM 20103,WKIN
CHEM 20204,CHEM
CHEM 20204,NASC
CHEM 20204,WKST
CHEM 20204,MATH
CHEM 20204,BIOS
CHEM 20204,MSCE
CHEM 20204,NBSE
CHEM 20204,ENST
CHEM 20204,CHSE
CHEM 20262,WKQR
CHEM 20273,MSCE
CHEM 20273,MATH
CHEM 20274,MSCE
CHEM 20274,MATH
CHEM 23202,CHEM
CHEM 23202,CHSE
CHEM 30322,CHEM
CHEM 30322,CHSE
CHEM 30324,CHEM
CHEM 30324,MATH
CHEM 30324,MSCE
CHEM 30324,ENST
CHEM 30324,CHSE
CHEM 30333,CHEM
CHEM 30333,MATH
CHEM 30333,BIOS
CHEM 30333,MSCE
CHEM 30333,NBSE
CHEM 30333,CHSE
CHEM 30338,ENST
CHEM 30342,CHEM
CHEM 30342,ENST
CHEM 30342,CHSE
CHEM 31322,CHEM
CHEM 31322,CHSE
CHEM 31333,MSCE
CHEM 31333,MATH
CHEM 31333,CHEM
CHEM 31333,CHSE
CHEM 40404,WRIT
CHEM 40420,CBMC
CHEM 40420,CHEM
CHEM 40420,MATH
CHEM 40420,CCDB
CHEM 40420,BIOS
CHEM 40420,MSCE
CHEM 40420,NBSE
CHEM 40420,ENST
CHEM 40420,CHSE
CHEM 40435,ENST
CHEM 46497,CHEM
CHEM 46497,CHSE
CHEM 48498,CHEM
CHEM 48498,CHSE
CHEM 50172,WKST
CHEM 50172,NASC
CHEM 50532,CHEM
CHEM 50532,CHSE
CHEM 60435,MSAE
CHEM 60535,CHEM
CHEM 60535,CHSE
CHEM 60614,CHEM
CHEM 60614,CHSE
CHEM 60618,MSAE
CHEM 60632,CHEM
CHEM 60632,CHSE
CHEM 60634,CHEM
CHEM 60634,CHSE
CHEM 90615,CHEM
CHEM 90615,CHSE
CHEM 90628,CHEM
CHEM 90628,CHSE
CHEM 90648,CHEM
CHEM 90648,CHSE
CHEM 90697,CHEM
CHEM 90697,CHSE
CHEM 93602,CHEM
CHEM 93602,CHSE
CHEM 93612,CHEM
CHEM 93612,CHSE
CHEM 93622,CHEM
CHEM 93622,CHSE
CHEM 93636,CHEM
CHEM 93636,CHSE
CHEM 93644,CHEM
CHEM 93644,CHSE
CHEM 98700,CHEM
CHEM 98700,CHSE
CHR 30712,WKSP
CHR 30715,GLBP
CHR 30715,GLEL
CHR 30715,CSTE
CHR 30722,WKHI
CHR 30725,WKDT
CHR 30726,PSCE
CHR 30726,ZCSC
CHR 30726,CSTJ
CHR 30739,WKHI
CHR 30740,WKSS
CHR 30741,WKHI
CHR 30742,WKSS
CLAS 13186,WKAL
CLAS 13186,HIST
CLAS 13186,USEM
CLAS 13186,HPRE
CLAS 20065,WKAL
CLAS 20203,WKHI
CLAS 20203,HIST
CLAS 20340,WKAL
CLAS 30027,WKHI
CLAS 30027,HIST
CLAS 30210,WKHI
CLAS 30210,HIST
CLAS 30210,MMME
CLAS 33022,WKSP
CLAS 40305,WKHI
CLAS 40305,HIST
CLAS 40820,WKHI
CLAS 40820,WRIT
CLAS 60305,WKHI
CLAS 60305,HIST
CLGR 30012,ALLN
CLGR 30012,WKLC
CLGR 30012,SCLN
CLGR 40011,ALLN
CLGR 40011,WKLC
CLGR 40011,SCLN
CLGR 60011,ALLN
CLGR 60011,WKLC
CLGR 60011,SCLN
CLGR 60012,ALLN
CLGR 60012,WKLC
CLGR 60012,SCLN
CLLA 20003,LANG
CLLA 20003,SCLN
CLLA 20003,MESE
CLLA 30004,LANG
CLLA 30004,ALLN
CLLA 30004,SCLN
CLLA 30075,ALLN
CLLA 30075,SCLN
CLLA 30075,WKAL
CLLA 40017,LANG
CLLA 40017,ALLN
CLLA 40017,WKLC
CLLA 40017,SCLN
CLLA 40054,ALLN
CLLA 40054,SCLN
CLLA 40118,LANG
CLLA 40118,ALLN
CLLA 40118,WKLC
CLLA 40118,SCLN
CLLA 40510,LANG
CLLA 40510,ALLN
CLLA 40510,WKLC
CLLA 40510,SCLN
CLLA 60004,MESE
CLLA 60017,WKLC
CLLA 60054,ALLN
CLLA 60054,SCLN
CLLA 60075,ALLN
CLLA 60075,SCLN
CLLA 60075,WKAL
CLLA 60118,WKLC
CLLA 60510,WKLC
CNST 20002,WKSS
CNST 20002,SOSC
CNST 20200,WKSS
CNST 20200,SOSC
CNST 20403,WKSS
CNST 20403,PSIM
CNST 20602,WKSP
CNST 20615,WKHI
CNST 20615,HIST
CNST 30003,WKHI
CNST 30003,HIST
CNST 30012,WKHI
CNST 30012,HIST
CNST 30016,WKHI
CNST 30032,WKHI
CNST 30033,WRIT
CNST 30035,WKHI
CNST 30242,WKHI
CNST 30242,HIST
CNST 30414,WKHI
CNST 30414,HIST
CNST 30644,WKSP
CSC 23200,PSCE
CSC 23200,ZCSC
CSC 23200,CSTJ
CSC 23915,PSCE
CSC 23915,CSTJ
CSC 30951,PSIM
CSC 30951,CSTE
CSC 30952,PSIM
CSC 30952,WKHI
CSC 30952,CSTE
CSC 33304,PSCE
CSC 33304,ZCSC
CSC 33304,CSTJ
CSC 33310,PSIM
CSC 33310,CSTE
CSC 33312,PSCE
CSC 33312,CSTJ
CSC 33314,ZCSC
CSC 33314,MCCE
CSC 33314,NSBH
CSC 33314,CSTE
CSC 33315,PSIM
CSC 33315,CSTE
CSC 33315,ALSS
CSC 33961,ZCSC
CSC 33961,CSTJ
CSC 33963,PSCE
CSC 33963,ZCSC
CSC 33963,CSTJ
CSC 33965,PSCE
CSC 33965,ZCSC
CSC 33965,CSTJ
CSC 36991,ZCSC
CSC 40100,CSTE
CSC 45000,ZCSC
CSC 45000,NBSE
CSC 45000,NSBH
CSC 45000,BIOS
CSC 67003,ZCSC
CSE 10001,WKST
CSE 10101,CDCR
CSE 20176,WKIN
CSE 28901,CPTE
CSE 28901,CPEG
CSE 30600,ZCSC
CSE 30600,CPTE
CSE 30600,CPEG
CSE 40567,CDTD
CSE 40567,CDCY
CSE 40567,CDDF
CSE 48901,CPTE
CSE 48901,CPEG
CSE 48902,CPTE
CSE 48902,CPEG
CSE 60424,ZCSC
CSEM 23102,CSEM
CSLC 11103,LANG
CSLC 11103,ALLN
CSLC 11103,SCLN
CSLC 11104,LANG
CSLC 11104,ALLN
CSLC 11104,SCLN
CSLC 11203,LANG
CSLC 11203,ALLN
CSLC 11203,SCLN
CSLC 11204,LANG
CSLC 11204,ALLN
CSLC 11204,SCLN
CSLC 11303,LANG
CSLC 11303,ALLN
CSLC 11303,SCLN
CSLC 11304,LANG
CSLC 11304,ALLN
CSLC 11304,SCLN
CSLC 13002,WRIT
CSLC 63001,ZCSC
CSLC 73002,WRIT
CST 20619,PSIM
CST 20619,WKDT
CST 20619,CSTE
CST 20643,ZCSC
CST 20643,WKDT
CST 20643,PSCP
CST 20643,CSTE
CST 23200,PSCE
CST 23200,ZCSC
CST 23200,CSTJ
CST 23915,PSCE
CST 23915,CSTJ
CST 30552,ZCSC
CST 30552,IBCB
CST 30552,CSTE
CST 30608,CSTJ
CST 30951,PSIM
CST 30951,CSTE
CST 30952,WKHI
CST 30952,CSTE
CST 33304,PSCE
CST 33304,CSTJ
CST 33310,PSIM
CST 33310,CSTE
CST 33312,PSCE
CST 33312,CSTJ
CST 33314,ZCSC
CST 33314,MCCE
CST 33314,NSBH
CST 33314,CSTE
CST 33315,CSTE
CST 33961,PSCE
CST 33961,CSTJ
CST 33963,PSCE
CST 33963,ZCSC
CST 33963,CSTJ
CST 33965,PSCE
CST 33965,ZCSC
CST 33965,CSTJ
CST 40834,ZCSC
CST 40834,CSTE
CST 40999,SEIC
CST 40999,CSTE
CST 45100,CSTE
CST 47100,CSTE
DESN 20101,WKAL
DESN 20101,FNAR
DESN 20200,WKAL
DESN 20200,FNAR
DESN 20203,ZCSC
DESN 20203,WKAL
DESN 20203,FNAR
DESN 31190,CDUI
DESN 31190,CDDF
DESN 33333,ANME
DESN 33333,ALSS
DESN 33333,ANTH
DESN 40100,ZCSC
DESN 40100,SEID
DESN 40201,ZCSC
DMA 81301,MUSL
EALC 10112,LANG
EALC 10112,NROT
EALC 10112,NVCA
EALC 10112,SCLN
EALC 20212,LANG
EALC 20212,ALLN
EALC 20212,SCLN
EALC 30312,LANG
EALC 30312,ALLN
EALC 30312,SCLN
EALC 40412,LANG
EALC 40412,ALLN
EALC 40412,WKLC
EALC 40412,SCLN
EALJ 10112,LANG
EALJ 10112,SCLN
EALJ 20212,LANG
EALJ 20212,ALLN
EALJ 20212,SCLN
EALJ 30312,LANG
EALJ 30312,ALLN
EALJ 30312,SCLN
EALK 10112,LANG
EALK 10112,SCLN
EALK 20212,LANG
EALK 20212,ALLN
EALK 20212,SCLN
ECON 10010,WKSS
ECON 10010,SOSC
ECON 10020,WKSS
ECON 10020,SOSC
ECON 13181,WKSS
ECON 13181,USEM
ECON 13181,SOSC
ECON 20010,WKSS
ECON 20010,SOSC
ECON 20020,WKSS
ECON 20020,SOSC
ECON 30010,ALSS
ECON 30010,WKSS
ECON 30010,SOSC
ECON 30010,MPPE
ECON 30010,WKQR
ECON 30020,MPPE
ECON 30020,ALSS
ECON 30020,WKQR
ECON 30331,MPPE
ECON 30331,WKQR
ECON 30340,MPPE
ECON 30340,WKQR
ECON 30365,MREL
ECON 30365,ECON
ECON 30365,CFEL
ECON 30433,ALSS
ECON 30433,ZCSC
ECON 30433,MPPE
ECON 30433,IBCB
ECON 30433,IEEL
ECON 30533,WKIN
ECON 30533,IEEL
ECON 30533,ALSS
ECON 30535,MREL
ECON 30750,IEEL
ECON 30750,MPPE
ECON 33150,ECON
ECON 33150,WRIT
ECON 33150,WKCD
ECON 33150,CSTE
ECON 33150,ECWI
ECON 33150,MPPE
ECON 36950,MPPE
ECON 36950,ECON
ECON 36950,ECWI
ECON 37950,MPPE
ECON 37950,ECON
ECON 37950,ECWI
ECON 40050,MPPE
ECON 40355,MPPE
ECON 40355,ECON
ECON 40355,CFEL
ECON 40356,MPPE
ECON 40356,ECON
ECON 40356,CFEL
ECON 40410,GLEL
ECON 40502,IEEL
ECON 40534,IEEL
ECON 40534,ENST
ECON 40534,MPPE
ECON 40562,IEEL
ECON 40562,MPPE
ECON 40610,MREL
ECON 40610,IEEL
ECON 43330,ECON
ECON 43330,WRIT
ECON 43330,CFEL
ECON 43330,ECWI
ECON 43330,MPPE
ECON 43345,ECON
ECON 43345,WRIT
ECON 43345,CFEL
ECON 43345,ECWI
ECON 43345,IEEL
ECON 43402,IEEL
ECON 43402,ECON
ECON 43402,ECWI
ECON 43550,PSIM
ECON 43550,MPPE
ECON 43550,ECON
ECON 43550,ECWI
ECON 43570,ECON
ECON 43570,ECWI
ECON 47950,MPPE
ECON 47950,ECON
ECON 47950,ECWI
ECON 48100,MPPE
ECON 48100,WRIT
ECON 48600,MPPE
ECON 48600,ECON
ECON 48600,WRIT
ECON 48600,ECWI
ECON 60102,MPPE
ECON 60202,MPPE
ECON 60303,MPPE
EDU 70208,ZODO
EE 20222,ENST
EE 30023,EELE
EE 30062,ENST
EE 30074,BIOE
EE 31023,EELE
EE 40053,EELE
EE 40054,EELE
EE 40054,ENST
EE 60568,MSAE
EG 10118,WKST
EG 10118,NASC
EG 20560,WKCD
EG 30010,ZCSC
EG 33999,WKIN
EG 33999,WRIT
EG 40422,CPTE
EG 40422,CETE
EG 40422,CPEG
ENER 20052,WKST
ENER 20052,NASC
ENER 20052,ENST
ENER 30112,WKAL
ENER 30112,WRIT
ENER 37001,ENST
ENER 37002,ZCSC
ENER 37002,ENST
ENER 37003,ENST
ENER 37004,ENST
ENER 40113,WKIN
ENGL 13186,WKAL
ENGL 13186,USEM
ENGL 20000,WKAL
ENGL 20000,FNAR
ENGL 20001,WKAL
ENGL 20001,FNAR
ENGL 20002,WKAL
ENGL 20002,WRIT
ENGL 20002,FNAR
ENGL 20008,WKAL
ENGL 20008,WRIT
ENGL 20008,FNAR
ENGL 20188,WRIT
ENGL 20191,WRIT
ENGL 20292,WKAL
ENGL 20292,WRIT
ENGL 20301,WKAL
ENGL 20305,WKAL
ENGL 20305,FNAR
ENGL 20340,WKAL
ENGL 20340,WRIT
ENGL 20396,WKAL
ENGL 20396,WRIT
ENGL 20440,WKAL
ENGL 20440,WRIT
ENGL 20591,WKAL
ENGL 20591,WRIT
ENGL 20640,WKAL
ENGL 20640,WRIT
ENGL 20720,WKAL
ENGL 20780,WKAL
ENGL 20780,WRIT
ENGL 20791,WKAL
ENGL 20890,WKAL
ENGL 20890,WRIT
ENGL 20891,WKAL
ENGL 20891,WRIT
ENGL 20920,WKAL
ENGL 20920,WRIT
ENGL 30101,EINT
ENGL 30101,WKAL
ENGL 30101,WRIT
ENGL 30182,WKAL
ENGL 30182,EREI
ENGL 30218,WKAL
ENGL 30218,FNAR
ENGL 30851,WKAL
ENGL 30851,EMFG
ENGL 30851,ENGL
ENGL 30851,FNAR
ENGL 30857,ENGL
ENGL 30857,WRIT
ENGL 30857,WKAL
ENGL 30857,EMFG
ENGL 30857,FNAR
ENGL 30858,WKAL
ENGL 30858,ENGL
ENGL 30858,FNAR
ENGL 40130,ENGL
ENGL 40130,WKAL
ENGL 40130,ECUL
ENGL 40130,EMFG
ENGL 40130,FNAR
ENGL 40264,ENGL
ENGL 40264,WRIT
ENGL 40350,ENGL
ENGL 40350,MESE
ENGL 40590,ENGL
ENGL 40590,EREI
ENGL 40621,ECUL
ENGL 40750,WKIN
ENGL 40750,ECUL
ENGL 40814,WKAL
ENGL 40814,ENGL
ENGL 40814,EREI
ENGL 40850,WKAL
ENGL 40850,EMFG
ENGL 40850,ENGL
ENGL 40850,FNAR
ENGL 40851,WKAL
ENGL 40851,EMFG
ENGL 40851,ENGL
ENGL 40851,FNAR
ENGL 40852,WKAL
ENGL 40852,EMFG
ENGL 40852,ENGL
ENGL 40852,FNAR
ENGL 40855,WKAL
ENGL 40855,EMFG
ENGL 40855,ENGL
ENGL 40855,FNAR
ENGL 60224,WKAL
ENGL 60224,ENGL
ENGL 60224,WRIT
ENGL 90005,WKLC
ENGL 90013,ENGL
ENGL 90038,ENGL
ENGL 90155,ENGL
ENGL 90190,ENGL
ENGL 90250,ENGL
ENGL 90692,ENGL
ENGL 90750,WKIN
ENGL 90750,ENGL
ENGL 90981,ENGL
ESS 13186,ESEI
ESS 13186,WKAL
ESS 13186,MEDS
ESS 13186,ESSC
ESS 13186,USEM
ESS 20208,ESSL
ESS 20208,ESEI
ESS 20208,MEDS
ESS 20600,ZCSC
ESS 20600,WKAL
ESS 20600,ESED
ESS 20600,MEDS
ESS 20600,FNAR
ESS 20700,ESSL
ESS 20700,ESEI
ESS 20700,MEDS
ESS 23601,ESSP
ESS 23601,ESEI
ESS 23601,MEDS
ESS 30217,WKQR
ESS 30217,ESSP
ESS 30217,ESED
ESS 30217,MEDS
ESS 30251,ESSL
ESS 30251,ESED
ESS 30251,MEDS
ESS 30252,ESSL
ESS 30252,ESED
ESS 30252,MEDS
ESS 30596,ESEI
ESS 30596,WKAL
ESS 30596,ESED
ESS 30596,MEDS
ESS 30596,ESSC
ESS 30600,ESSL
ESS 30646,ESSL
ESS 30646,ESEI
ESS 30646,MEDS
ESS 30672,ESSL
ESS 30672,ESED
ESS 30672,MEDS
ESS 30682,ESSL
ESS 30682,ESEI
ESS 30682,MEDS
ESS 33523,WKCD
ESS 33523,ESSC
ESS 33523,ESEI
ESS 33523,MEDS
ESS 33614,ESEI
ESS 33614,WRIT
ESS 33614,MEDS
ESS 33614,PSIM
ESS 33614,ESSC
ESS 33629,ESSC
ESS 33629,ESEI
ESS 33629,WKAL
ESS 33629,MEDS
ESS 33632,ESSC
ESS 33632,ESEI
ESS 33632,MEDS
ESS 40263,ESEI
ESS 40263,WRIT
ESS 40263,ZCSC
ESS 40263,ESSL
ESS 40263,MEDS
ESS 41840,ESSL
ESS 43643,ESSL
ESS 43643,ESEI
ESS 43643,MEDS
ESS 45600,ESSL
ESS 45600,ESEI
ESS 45600,MEDS
ESS 47602,ESEI
ESS 47602,MEDS
EURO 20249,WKDT
EURO 20249,MESE
EURO 20249,WKHI
EURO 20400,MESE
EURO 20650,WKAL
EURO 20650,MESE
EURO 20650,FNAR
EURO 30006,MESE
EURO 30007,GLRF
EURO 30007,GLEL
EURO 30112,WKAL
EURO 30112,WRIT
EURO 30112,MESE
EURO 30128,WKAL
EURO 30128,MESE
EURO 30130,WKAL
EURO 30130,MESE
EURO 30130,FNAR
EURO 30141,MESE
EURO 30217,WKHI
EURO 30217,MESE
EURO 30219,MESE
EURO 30314,WKAL
EURO 30314,MESE
EURO 30453,WKHI
EURO 30453,MESE
EURO 30456,WKHI
EURO 30456,MESE
EURO 30505,MESE
EURO 30554,WKCD
EURO 30554,WKHI
EURO 30554,MESE
EURO 30605,WKCD
EURO 30605,MESE
EURO 30721,WKAL
EURO 30721,WKLC
EURO 30721,MESE
EURO 33012,MESE
EURO 33027,WRIT
EURO 33027,MESE
EURO 33101,WKAL
EURO 33101,MESE
EURO 33101,FNAR
EURO 33205,MESE
EURO 33206,WKCD
EURO 33206,WKHI
EURO 33206,HIST
EURO 40370,MESE
EURO 40715,WKAL
EURO 40715,WRIT
EURO 40715,WKLC
EURO 40715,MESE
EURO 40940,WKAL
EURO 40940,WKLC
EURO 40940,MESE
EURO 48001,MESE
FIN 20150,BCOR
FIN 30210,WKSS
FIN 30210,SOSC
FIN 30400,BBRD
FIN 30400,BAMC
FIN 30402,BAHP
FIN 30402,BASP
FIN 30402,BBRD
FIN 30402,BAMC
FIN 30600,BBRD
FIN 30600,BAMC
FIN 40320,BAMC
FIN 40460,BAMC
FIN 40500,IBCB
FIN 40500,BAMC
FIN 40610,BAMC
FIN 40620,BAMC
FIN 40640,BAMC
FIN 40660,BAMC
FIN 40720,MREL
FIN 40720,BAMC
FIN 40830,BAHP
FIN 40830,BASP
FIN 40830,BAMC
FTT 13182,WKAL
FTT 13182,USEM
FTT 13182,FNAR
FTT 20101,WKAL
FTT 20101,FNAR
FTT 20260,LAST
FTT 20260,FTII
FTT 20260,WKAL
FTT 20260,FNAR
FTT 20720,WKAL
FTT 20720,FNAR
FTT 21001,WKAL
FTT 21001,FNAR
FTT 30030,WKAL
FTT 30030,FTII
FTT 30030,FNAR
FTT 30150,FTII
FTT 30459,WKAL
FTT 30459,FTII
FTT 30459,FNAR
FTT 30461,WKAL
FTT 30461,FNAR
FTT 30511,WKAL
FTT 30511,FNAR
FTT 30542,WKAL
FTT 30542,FNAR
FTT 30635,WKIN
FTT 30706,MMTH
FTT 30708,MMTH
FTT 30800,WKAL
FTT 30800,FNAR
FTT 30802,WKAL
FTT 30802,FNAR
FTT 30890,TVTO
FTT 31018,MMTH
FTT 35501,ZINT
FTT 35502,ZINT
FTT 40040,WKAL
FTT 40040,FNAR
FTT 40502,TVTO
FTT 40502,FTII
FTT 48001,WRIT
FTT 60040,WKAL
FTT 60040,FNAR
GE 13186,WKAL
GE 13186,USEM
GE 20113,LANG
GE 20113,ALLN
GE 20113,SCLN
GE 20113,MESE
GE 20201,LANG
GE 20201,SCLN
GE 20201,MESE
GE 20202,LANG
GE 20202,ALLN
GE 20202,SCLN
GE 20202,MESE
GE 23620,WKSP
GE 30112,WKAL
GE 30112,WRIT
GE 30112,MESE
GE 30112,ENST
GE 30304,ALLN
GE 30304,WKLC
GE 30304,MESE
GE 30304,WKAL
GE 33027,WRIT
GH 20550,GLEL
GH 20550,CIDG
GH 20600,CIDG
GH 60408,CHEM
GH 60408,CHSE
GLAF 10001,IBCL
GLAF 10001,CSTE
GLAF 20101,GLRF
GLAF 20101,GLEL
GLAF 20105,WKHI
GLAF 20105,GLEL
GLAF 20106,GLEL
GLAF 20107,WKIN
GLAF 20107,GLEL
GLAF 20109,WKSS
GLAF 20109,GLRF
GLAF 20109,GLEL
GLAF 30106,GLEL
GLAF 30107,GLEL
GLAF 30109,GLEL
GLAF 30113,ZCSC
GLAF 30113,IBCB
GLAF 30113,GLEL
GLAF 30113,CSTE
GLAF 30116,GLEL
GLAF 30117,WKHI
GLAF 30117,GLEL
GLAF 30117,GLHU
GLAF 30118,GLEL
GLAF 30119,GLEL
GLAF 30121,GLEL
GLAF 30122,WKHI
GLAF 30122,GLEL
GLAF 30122,GLHU
GLAF 30126,GLRF
GLAF 30126,GLEL
GLAF 30127,GLEL
GLAF 30132,GLRM
GLAF 30140,GLEL
GLAF 30141,GLEL
GLAF 30142,GLEL
GLAF 30143,GLEL
GLAF 30144,WKHI
GLAF 30144,GLRF
GLAF 30144,GLEL
GLAF 30144,GLHU
GLAF 30145,WKSS
GLAF 30145,GLRF
GLAF 30145,GLEL
GLAF 30901,GLEL
GLAF 30903,GLEL
GLAF 40105,GLEL
GLAF 40107,GLRF
GLAF 40107,GLEL
GLAF 40110,GLEL
GLAF 40113,WKIN
GLAF 40114,GLEL
GLAF 40115,GLEL
GLAF 46000,GLEL
GSC 20466,GSGS
GSC 20466,GSCE
GSC 20466,GSRF
GSC 20466,WKSS
GSC 20466,GSDI
GSC 20466,SOSC
GSC 20466,PSIM
GSC 20540,GSAC
GSC 20540,WKAL
GSC 20540,WRIT
GSC 20650,WKAL
GSC 20650,FNAR
GSC 20902,WKHI
GSC 30586,GSAC
GSC 30586,WKAL
GSC 30586,GSDI
GSC 30626,GSAC
GSC 30626,WKAL
GSC 30626,GSCE
GSC 30626,FNAR
GSC 30634,GSGS
GSC 30634,WKHI
GSC 30634,HIST
GSC 30642,GSGS
GSC 30642,WKHI
GSC 30642,HIST
GSC 30642,MESE
GSC 30669,GSCE
GSC 30669,GSGS
GSC 30679,GSGS
GSC 30679,WKHI
GSC 30951,GSGS
GSC 30951,GSRF
GSC 30952,GSAC
GSC 30952,WKHI
GSC 33607,GSGS
GSC 33607,WKHI
GSC 35000,ZINT
GSC 40304,GSAC
GSC 40514,GSDI
GSC 40514,GSAC
GSC 40514,GSCE
GSC 40514,MESE
GSC 40522,GSGS
GSC 40522,GSIS
GSC 40531,GSAC
GSC 40531,GSDI
GSC 40537,GSCE
GSC 40537,WKHI
GSC 40537,HIST
GSC 40556,GSCE
GSC 40567,GSCE
GSC 40567,GSDI
GSC 40567,GSRF
GSC 40579,GSAC
GSC 40585,GSGS
GSC 40585,WRIT
GSC 40601,GSGS
GSC 40601,WRIT
GSC 40601,GSCE
GSC 40601,ANME
GSC 40601,GSDI
GSC 40601,ANTH
GSC 40623,GSCE
GSC 40623,GSGS
GSC 40715,WKAL
GSC 40715,WKLC
GSC 40715,WRIT
GSC 40759,GSAC
GSC 40782,GSCE
GSC 40782,GSGS
GSC 43510,PSIM
GSC 43510,GSRF
GSC 43521,GSAC
GSC 43528,WKHI
GSC 43528,HIST
GSC 43604,GSCE
GSC 43604,GSDI
GSC 43604,GSIS
GSC 43604,GSGS
GSC 60209,GSGS
GSC 60526,GSGS
GSC 60555,GSDI
GSC 63700,GSCR
HESB 20001,WKSS
HESB 20001,SOSC
HESB 20002,WKSS
HESB 20002,SOSC
HESB 20211,PSIM
HESB 20211,WKDT
HESB 20211,HPVL
HESB 20211,CSTE
HESB 20213,HPTP
HESB 20218,HPVL
HESB 20218,WKSP
HESB 20220,WKSS
HESB 20220,ZCSC
HESB 20220,HPTP
HESB 20225,WKSS
HESB 20225,HPTP
HESB 20225,SOSC
HESB 20229,WRIT
HESB 20229,HPTP
HESB 20851,WKDT
HESB 20851,HPVL
HESB 30033,WRIT
HESB 30033,HPTP
HESB 30034,HPIP
HESB 30101,HPRS
HESB 30101,WKQR
HESB 30102,WKQR
HESB 30102,WKSS
HESB 30102,HPRS
HESB 30102,SOSC
HESB 30104,HPRS
HESB 30104,WKQR
HESB 30286,HPVL
HESB 30301,WKSS
HESB 30301,HPTP
HESB 30301,SOSC
HESB 30304,HPTP
HESB 30311,HPTP
HESB 30343,ZCSC
HESB 30343,HPTP
HESB 30354,HPTP
HESB 30373,ENST
HESB 30373,HPTP
HESB 30375,HPVL
HESB 30375,WKSP
HESB 30389,ZCSC
HESB 30389,HPVL
HESB 30391,HPTP
HESB 30398,WKCD
HESB 30398,WRIT
HESB 30398,HPTP
HESB 30399,HPTP
HESB 30410,HPTP
HESB 30421,HPTP
HESB 30436,HPIP
HESB 30443,HPIP
HESB 30473,WKHI
HESB 30473,HIST
HESB 30473,HPTP
HESB 30537,HPTP
HESB 30638,HPIP
HESB 30639,HPVL
HESB 30658,WKSS
HESB 30658,HPIP
HESB 30658,SOSC
HESB 30951,HPTP
HESB 33104,WKHI
HESB 33104,HPVL
HESB 33104,HIST
HESB 33903,WRIT
HESB 33903,HPTP
HESB 40104,HPTP
HESB 40115,HPIP
HESB 40118,HPTP
HESB 43585,HPIP
HESB 43787,HPTP
HESB 43889,HPTP
HESB 48000,WRIT
HHS 10115,WKST
HHS 20188,WRIT
HHS 20311,WKSS
HHS 20311,SOSC
HHS 20555,MCCE
HHS 20555,WRIT
HHS 20556,MCCE
HHS 20557,WRIT
HHS 20557,WKSP
HHS 20601,WKSP
HHS 30117,WRIT
HHS 30154,WKHI
HHS 30456,WKHI
HHS 30456,HIST
HHS 30541,WKIN
HHS 33022,WKSP
HHS 40825,WRIT
HHS 43701,WKSP
HHS 45000,WKHI
HHS 45000,HIST
HHS 49999,WRIT
HIST 13184,WKHI
HIST 13184,HIST
HIST 13184,USEM
HIST 20055,WKHI
HIST 20203,WKHI
HIST 20203,HIST
HIST 20602,WKHI
HIST 20602,NROT
HIST 20602,HBNA
HIST 20602,NSMA
HIST 20602,HTWS
HIST 20902,WKHI
HIST 20996,WKHI
HIST 20996,NROT
HIST 20996,HIST
HIST 20996,NSMA
HIST 20996,HTWS
HIST 20996,HGLB
HIST 30056,WKHI
HIST 30056,HIST
HIST 30059,HBAM
HIST 30062,WKHI
HIST 30062,HIST
HIST 30062,HBAM
HIST 30089,WKHI
HIST 30089,HIST
HIST 30092,WKHI
HIST 30092,HTWS
HIST 30092,HIST
HIST 30092,HBAM
HIST 30094,HTBE
HIST 30094,WKHI
HIST 30094,HIST
HIST 30094,HBAS
HIST 30148,WKHI
HIST 30148,HBNA
HIST 30177,WKHI
HIST 30177,HIST
HIST 30177,HPRE
HIST 30177,HBNA
HIST 30177,HBEU
HIST 30202,WKHI
HIST 30202,HIST
HIST 30210,WKHI
HIST 30215,WKHI
HIST 30215,HBNA
HIST 30215,HIST
HIST 30217,WKHI
HIST 30217,HTWS
HIST 30217,HBEU
HIST 30227,WKHI
HIST 30267,WKHI
HIST 30267,HIST
HIST 30267,HPRE
HIST 30267,HBEU
HIST 30267,HTME
HIST 30328,WKHI
HIST 30328,HTWS
HIST 30328,HBNA
HIST 30341,WKHI
HIST 30341,HIST
HIST 30341,HPRE
HIST 30341,MESE
HIST 30341,HBAM
HIST 30341,HTGL
HIST 30351,WKHI
HIST 30351,HIST
HIST 30351,HBEU
HIST 30352,HTRE
HIST 30352,WKHI
HIST 30352,HBEU
HIST 30375,WKHI
HIST 30375,HIST
HIST 30375,HPRE
HIST 30375,WKCD
HIST 30375,MESE
HIST 30375,HBAM
HIST 30456,MESE
HIST 30456,HIST
HIST 30456,HBEU
HIST 30456,WKHI
HIST 30554,WKHI
HIST 30554,HIST
HIST 30554,WKCD
HIST 30554,MESE
HIST 30554,HBEU
HIST 30554,HTRE
HIST 30604,WKHI
HIST 30604,NROT
HIST 30604,HIST
HIST 30604,HBNA
HIST 30604,NSMA
HIST 30604,HTWS
HIST 30606,HTBE
HIST 30606,WKHI
HIST 30606,HBNA
HIST 30606,HIST
HIST 30616,WKHI
HIST 30616,HBNA
HIST 30616,HIST
HIST 30632,WKHI
HIST 30632,HIST
HIST 30632,ZCSC
HIST 30632,HBNA
HIST 30632,CSTE
HIST 30632,ENST
HIST 30633,WKHI
HIST 30643,HGLB
HIST 30643,HBNA
HIST 30643,WKHI
HIST 30644,HTBE
HIST 30644,WKHI
HIST 30644,HBNA
HIST 30644,HIST
HIST 30709,WKHI
HIST 30709,HIST
HIST 30763,HTRE
HIST 30763,WKHI
HIST 30763,HBNA
HIST 30763,HIST
HIST 30805,WKHI
HIST 30805,NROT
HIST 30805,HIST
HIST 30805,HBNA
HIST 30805,NSMA
HIST 30877,WKHI
HIST 30877,MREL
HIST 30877,HBNA
HIST 30877,HIST
HIST 30912,IBCL
HIST 30912,WKHI
HIST 30912,HBLA
HIST 30912,HIST
HIST 30924,HGLB
HIST 30926,HGLB
HIST 30951,PSIM
HIST 30951,CSTE
HIST 30952,WKHI
HIST 33000,WRIT
HIST 33757,WKHI
HIST 33757,HIST
HIST 35049,HTBE
HIST 35049,WKHI
HIST 35440,HTRE
HIST 35440,WKHI
HIST 35440,HBEU
HIST 35453,WKHI
HIST 35453,HIST
HIST 35453,HBEU
HIST 35557,WKCD
HIST 35557,WKHI
HIST 35557,HIST
HIST 35624,MESE
HIST 35624,HBNA
HIST 35624,HBEU
HIST 35624,WKHI
HIST 35625,WKHI
HIST 35625,HBNA
HIST 35671,WKHI
HIST 35671,HTWS
HIST 35671,HBNA
HIST 35936,WKHI
HIST 40210,WKHI
HIST 40210,WRIT
HIST 40305,WKHI
HIST 43211,HIST
HIST 43211,HBEU
HIST 43211,HPRE
HIST 58004,WRIT
HIST 83604,HIST
HIST 93609,HIST
HPS 80643,WKHI
IDS 20500,PSIM
IDS 20500,IBCL
IDS 20500,CSTE
IDS 30422,WKHI
IDS 30422,HIST
IDS 30424,WKHI
IDS 30424,HIST
IDS 30552,ZCSC
IDS 30552,IBCB
IDS 30552,CSTE
IDS 30840,ENST
IIPS 20101,ZCSC
IIPS 20101,WKIN
IIPS 20101,IBCL
IIPS 20101,CSTE
IIPS 20501,IBCL
IIPS 20501,PSSP
IIPS 20501,CSTE
IIPS 20501,WKSS
IIPS 20501,SOSC
IIPS 20511,WKDT
IIPS 20511,PSSP
IIPS 20511,GLPS
IIPS 20701,PSIM
IIPS 20701,WKDT
IIPS 20701,PSSP
IIPS 20701,CSTE
IIPS 20729,ZCSC
IIPS 20729,PSCR
IIPS 20729,WKDT
IIPS 20729,CSTE
IIPS 30205,PSCR
IIPS 30314,ZCSC
IIPS 30314,PSSP
IIPS 30314,GLPS
IIPS 30316,PSSP
IIPS 30316,WKSP
IIPS 30327,PSSP
IIPS 30327,GLPS
IIPS 30328,PSCR
IIPS 30329,WKHI
IIPS 30329,PSSP
IIPS 30330,PSSP
IIPS 30330,GLPS
IIPS 30430,PSSP
IIPS 30434,PSSP
IIPS 30434,ENST
IIPS 30442,WKHI
IIPS 30442,PSSP
IIPS 30442,GLPS
IIPS 30444,PSSP
IIPS 30444,GLPS
IIPS 30445,WKHI
IIPS 30445,PSSP
IIPS 30582,WKHI
IIPS 30582,PSSP
IIPS 30736,PSCR
IIPS 30736,WKHI
IIPS 30736,HIST
IIPS 30924,ZCSC
IIPS 30924,PSSP
IIPS 30924,CSTE
IIPS 30924,IBCB
IIPS 30924,PSIM
IIPS 33703,PSCR
IIPS 40301,PSCR
IIPS 40409,PSCR
IIPS 40409,ENST
IIPS 40413,PSSP
IIPS 40416,PSCR
IIPS 40419,ZCSC
IIPS 40419,PSSP
IIPS 40519,PSSP
IIPS 40519,GLPS
IIPS 40609,PSCR
IIPS 40609,WKHI
IIPS 40609,HIST
IIPS 40609,GLPS
IIPS 40719,PSSP
IIPS 40807,ENST
IIPS 40807,PSCR
IIPS 40807,CSTE
IIPS 40921,PSSP
IIPS 43101,WRIT
IIPS 43507,PSSP
IIPS 45000,ZINT
IIPS 50604,PSCR
IIPS 50604,NROT
IIPS 50604,NVCA
IIPS 50705,PSSP
IIPS 50800,PSCR
IIPS 50800,GLPS
IIPS 70221,WRIT
ILS 20303,WKAL
ILS 20305,WKAL
ILS 20305,FNAR
ILS 20701,WKHI
ILS 20701,HIST
ILS 20701,WKSS
ILS 20701,BEHA
ILS 20701,SOSC
ILS 20812,WKDT
ILS 20812,CSTE
ILS 20901,WKAL
ILS 20901,LAST
ILS 20901,FNAR
ILS 30006,WKHI
ILS 30006,HIST
ILS 30027,WKHI
ILS 30027,HIST
ILS 30029,WKAL
ILS 30145,WKSS
ILS 30145,CSTE
ILS 30202,ZCSC
ILS 30401,WKHI
ILS 30408,WKHI
ILS 30408,HIST
ILS 30416,GSGS
ILS 30416,GSIS
ILS 30502,MPPE
ILS 30902,WKAL
ILS 30902,WKLC
ILS 30912,ALLN
ILS 30912,LAST
ILS 30912,WKLC
ILS 30912,WKAL
ILS 33301,WKAL
ILS 33800,PSCE
ILS 33800,ZCSC
ILS 40401,WKHI
ILS 40401,HIST
ILS 40904,WKAL
ILS 40904,WKLC
ILS 40908,WKAL
ILS 40908,WKLC
ILS 48900,WRIT
IRLL 13186,WKAL
IRLL 13186,USEM
IRLL 20103,LANG
IRLL 20103,SCLN
IRLL 20103,MESE
IRLL 20203,ALLN
IRLL 20203,MESE
IRLL 30127,WKAL
IRLL 30128,WKAL
IRLL 30129,WKAL
IRLL 30129,FNAR
IRLL 30224,WKAL
IRLL 30224,WRIT
IRLL 30303,ALLN
IRLL 30303,MESE
IRLL 30314,WKAL
IRLL 40318,WKLC
IRLL 60103,MESE
IRLL 60224,WKAL
IRLL 60224,WRIT
IRST 20103,LANG
IRST 20103,SCLN
IRST 20103,MESE
IRST 30125,WKAL
IRST 30129,WKAL
IRST 30129,FNAR
IRST 30224,WKAL
IRST 30224,WRIT
IRST 30315,WKAL
IRST 30351,WKHI
IRST 30351,HIST
IRST 30440,WKHI
IRST 30440,HIST
IRST 30440,MESE
IRST 40529,MESE
ITAO 20210,BCOR
ITAO 20600,BCOR
ITAO 30100,BBRD
ITAO 30160,BAMC
ITAO 30220,BAMC
ITAO 30230,BAMC
ITAO 30250,BAMC
ITAO 30620,BAMC
ITAO 30630,BAMC
ITAO 30640,CDTD
ITAO 30640,CDDF
ITAO 30640,CDCY
ITAO 30640,BAMC
ITAO 30660,BAMC
ITAO 30670,BAMC
ITAO 40150,BAMC
ITAO 40230,BAMC
ITAO 40250,CBAN
ITAO 40250,BAMC
ITAO 40420,BAMC
ITAO 40430,BAMC
ITAO 40510,BAMC
ITAO 40515,BAMC
ITAO 40520,BAMC
ITAO 40530,BAMC
ITAO 40550,BAMC
ITAO 40570,MREL
ITAO 40570,BAMC
ITAO 40575,BAHP
ITAO 40575,BAMC
ITAO 40730,BAMC
ITAO 40850,BAHP
ITAO 40850,BAMC
ITAO 40860,BAHP
ITAO 40860,ZCSC
ITAO 40860,BAMC
ITAO 50860,BASP
ITAO 50860,BAMC
JED 30122,WKHI
JED 30122,AMST
JED 30122,HIST
JED 30142,WRIT
JED 30147,WRIT
JED 45900,JEDE
KSGA 20002,WKSS
KSGA 20002,GLBC
KSGA 20002,SOSC
KSGA 20200,GLBP
KSGA 20300,WKSS
KSGA 20300,GLBC
KSGA 20600,WKHI
KSGA 20600,GLBC
KSGA 20600,HIST
KSGA 30001,IBCB
KSGA 30005,GLBP
KSGA 30202,GLBP
KSGA 30202,ENST
KSGA 30203,GLBP
KSGA 30203,CSTE
KSGA 30310,GLBC
KSGA 30408,ENST
KSGA 30493,ENST
KSGA 30600,GLBC
KSGA 30600,ENST
KSGA 40301,GLBC
KSGA 40403,GLBP
KSGA 40403,ENST
KSGA 40408,GLBC
KSGA 43001,WRIT
LAW 70726,ZCSC
LAW 70728,ZCSC
LAW 70730,ZCSC
LAW 70736,ZCSC
LAW 75700,ZCSC
LAW 75719,ZCSC
LAW 75720,ZCSC
LAW 75721,ZCSC
LAW 75723,ZCSC
LAW 75726,ZCSC
LAW 75733,ZCSC
LAW 75734,ZCSC
LAW 75736,ZCSC
LAW 75737,ZCSC
LAW 75800,ZCSC
LAW 75908,ZCSC
LLEA 13186,CHEA
LLEA 13186,WKAL
LLEA 13186,ASLI
LLEA 13186,ASHU
LLEA 13186,USEM
LLEA 13186,EALC
LLEA 20300,WKSS
LLEA 30101,WKHI
LLEA 30101,WKSP
LLEA 30315,WKAL
LLEA 30315,JAPL
LLEA 30315,ASLI
LLEA 30315,EALJ
LLEA 30340,IBCL
LLEA 30340,WKAL
LLEA 30340,FNAR
LLEA 33320,WKAL
LLEA 33320,JAPL
LLEA 33320,ASLI
LLEA 33320,EALJ
LLEA 33848,WKLC
LLEA 33848,CHLT
LLEA 33848,WKAL
LLEA 33848,ASLI
LLEA 33848,EALC
LLEA 40130,WKAL
LLEA 40130,FNAR
LLRO 20650,WKAL
LLRO 20650,FNAR
LLRO 30605,WKCD
LLRO 40116,WKCD
LLRO 40116,WKAL
LLRO 40116,WKLC
LLRO 40511,WKAL
LLRO 40511,FNAR
MARK 20100,BCOR
MARK 30100,BAMC
MARK 30130,BBRD
MARK 30130,BAMC
MARK 30440,BAMC
MARK 30450,BAMC
MARK 30460,BAMC
MARK 30470,BAMC
MARK 30500,BAMC
MARK 30650,BAMC
MARK 40150,BAHP
MARK 40150,BBRD
MARK 40150,BAMC
MARK 40400,BAMC
MARK 40470,BAMC
MATH 10120,MATH
MATH 10120,WKQR
MATH 10130,MATH
MATH 10130,WKQR
MATH 10250,MATH
MATH 10250,WKQR
MATH 10270,MATH
MATH 10270,WKQR
MATH 10360,MATH
MATH 10360,WKQR
MATH 10550,MATH
MATH 10550,WKQR
MATH 10860,MATH
MATH 10860,WKQR
MATH 13187,MATH
MATH 13187,USEM
MATH 13187,WKQR
MATH 20192,MPPE
MATH 20480,MATH
MATH 20480,WKQR
MATH 20550,CHEM
MATH 20550,MATH
MATH 20550,CHSE
MATH 20550,WKQR
MATH 20550,NBSE
MATH 20550,BIOS
MATH 20580,WKQR
MATH 20580,MATH
MATH 20580,CHEM
MATH 20580,CHSE
MATH 20610,CHEM
MATH 20610,MATH
MATH 20610,CHSE
MATH 20610,WKQR
MATH 20610,NBSE
MATH 20610,BIOS
MATH 20630,WKQR
MATH 20630,MATH
MATH 20630,CHEM
MATH 20630,CHSE
MATH 20670,MATH
MATH 20670,WKQR
MATH 20750,WKQR
MATH 20750,MATH
MATH 20750,CHEM
MATH 20750,CHSE
MATH 20820,WKQR
MATH 20820,MATH
MATH 20820,CHEM
MATH 20820,CHSE
MATH 20860,MATH
MATH 20860,WKQR
MATH 30530,CHEM
MATH 30530,MATH
MATH 30530,CHSE
MATH 30530,MSCE
MATH 30530,WKQR
MATH 30540,CHEM
MATH 30540,MATH
MATH 30540,CHSE
MATH 30540,MSCE
MATH 30540,WKQR
MATH 30610,MATH
MATH 30610,WKQR
MATH 30650,WKQR
MATH 30650,MATH
MATH 30650,CHEM
MATH 30650,CHSE
MATH 30710,WKQR
MATH 30710,MATH
MATH 30710,CHEM
MATH 30710,CHSE
MATH 30750,WKQR
MATH 30750,MATH
MATH 30750,CHEM
MATH 30750,CHSE
MATH 30820,WKQR
MATH 30820,MATH
MATH 30820,CHEM
MATH 30820,CHSE
MATH 30860,CHEM
MATH 30860,CHSE
MATH 40210,MSCE
MATH 40210,MATH
MATH 40210,CHEM
MATH 40210,CHSE
MATH 40390,MSCE
MATH 40390,MATH
MATH 40390,CHEM
MATH 40390,CHSE
MATH 40480,MSCE
MATH 40480,MATH
MATH 40480,CHEM
MATH 40480,CHSE
MATH 40570,MSCE
MATH 40570,MATH
MATH 40730,MSCE
MATH 40730,MATH
MATH 40730,CHEM
MATH 40730,CHSE
MATH 46800,CHEM
MATH 46800,CHSE
MATH 48900,CHEM
MATH 48900,CHSE
MBA 70699,WKCD
MDSC 20110,WKIN
MDSC 30056,WKHI
MDSC 30056,HIST
MDSC 33201,ENST
MEAR 10001,NROT
MEAR 10001,NVCA
MEAR 10001,MMME
MEAR 10002,MMME
MEAR 20004,ALLN
MEAR 20004,MMME
MEAR 30006,ALLN
MEAR 30006,WKLC
MEAR 60002,MMME
MEAR 60006,WKLC
MEAR 80006,WKLC
MELC 20033,WKAL
MELC 20033,MMME
MELC 20055,NVCA
MELC 20055,NROT
MELC 20055,HIST
MELC 20055,WKHI
MELC 30525,WRIT
MELC 40700,IBCL
MELC 40700,NROT
MELC 40700,NVCA
MELC 40700,MMME
MGA 60204,MGAM
MGA 60212,MGAP
MGA 60222,WKIN
MGA 60223,MGAP
MGA 60302,MGAP
MGA 60321,MGAP
MGA 60322,MGAM
MGA 60729,ZCSC
MGA 60738,ZCSC
MGA 60750,MGAP
MGA 60760,MGAP
MGA 60769,MGAP
MGA 60832,MGAM
MGTO 20000,BCOR
MGTO 20100,ZCSC
MGTO 20300,BCOR
MGTO 20700,BCOR
MGTO 30110,BAMC
MGTO 30200,BAMC
MGTO 30310,ZCSC
MGTO 30310,SEID
MGTO 30310,BAMC
MGTO 30320,IBCB
MGTO 30320,BAMC
MGTO 30410,BAMC
MGTO 30515,ZCSC
MGTO 30515,IBCB
MGTO 30600,WRIT
MGTO 30620,WRIT
MGTO 30620,BAMC
MGTO 30623,WRIT
MGTO 30623,BAMC
MGTO 30633,BBRD
MGTO 30633,BAMC
MGTO 30670,WRIT
MGTO 30730,SEIE
MGTO 30730,ENST
MGTO 30800,WKIN
MGTO 40720,BAMC
MGTO 41500,SEIE
MI 13186,WKAL
MI 13186,USEM
MI 20001,WKAL
MI 20001,HIST
MI 20001,MESE
MI 20001,WKHI
MI 20408,WKDT
MI 20408,WKHI
MI 20408,HIST
MI 20408,REES
MI 20444,WKDT
MI 20444,MESE
MI 20473,WKDT
MI 20473,IBCL
MI 20494,WKDT
MI 20494,MESE
MI 20583,WKAL
MI 20583,FNAR
MI 20663,WKAL
MI 30201,WKHI
MI 30201,HIST
MI 30206,WKHI
MI 30206,HIST
MI 30244,WKHI
MI 30244,HIST
MI 30284,WKHI
MI 30284,HIST
MI 30286,WKCD
MI 30286,WKHI
MI 30675,WKAL
MI 30675,WRIT
MI 30715,WKAL
MI 30715,WKLC
MI 33022,WKSP
MI 40005,WKLC
MI 40202,WRIT
MI 40408,WRIT
MI 40553,WKCD
MI 40553,WKAL
MI 40553,WKLC
MI 40553,MESE
MI 40632,WKLC
MI 40632,MESE
MI 40766,ARHI
MI 40766,AHMA
MI 40766,AHPR
MI 53810,WKCD
MI 53810,WKAL
MI 53810,FNAR
MI 60005,WKLC
MI 60403,WRIT
MI 60553,MRLT
MI 60553,WKLC
MI 60553,WKCD
MI 60553,WKAL
MI 60553,MRLE
MI 60632,WKLC
MI 60675,WKAL
MI 60675,WRIT
MSA 70178,ZCSC
MSBA 70100,ZOCG
MUS 10090,WKAL
MUS 10090,MMTH
MUS 10090,FNAR
MUS 10131,WKAL
MUS 10131,FNAR
MUS 10140,WKAL
MUS 10140,FNAR
MUS 10150,WKCD
MUS 10150,WKAL
MUS 10150,FNAR
MUS 10160,WKAL
MUS 10160,FNAR
MUS 10203,MUSE
MUS 10210,MUSE
MUS 10212,MUSE
MUS 10221,MUSE
MUS 10230,MUSE
MUS 10233,MUSE
MUS 10241,MUSE
MUS 10242,MUSE
MUS 10245,MUSE
MUS 10246,MUSE
MUS 10250,MUSE
MUS 10251,MUSE
MUS 10351,MUSL
MUS 10352,MUSL
MUS 10353,MUSL
MUS 10354,MUSL
MUS 10355,MUSL
MUS 11300,MUSL
MUS 11301,MUSL
MUS 11302,MUSL
MUS 11303,MUSL
MUS 11307,MUSL
MUS 11310,MUSL
MUS 11311,MUSL
MUS 11312,MUSL
MUS 11313,MUSL
MUS 11314,MUSL
MUS 11315,MUSL
MUS 11320,MUSL
MUS 11321,MUSL
MUS 11330,MUSL
MUS 11340,MUSL
MUS 11340,MMTH
MUS 11350,MUSL
MUS 13182,WKAL
MUS 13182,USEM
MUS 13182,FNAR
MUS 20001,WKAL
MUS 20001,MMTH
MUS 20001,FNAR
MUS 20002,WKAL
MUS 20002,FNAR
MUS 20011,MMTH
MUS 20012,MMTH
MUS 20162,WKAL
MUS 20162,FNAR
MUS 20691,ZCSC
MUS 21300,MUSL
MUS 21301,MUSL
MUS 21302,MUSL
MUS 21304,MUSL
MUS 21305,MUSL
MUS 21307,MUSL
MUS 21310,MUSL
MUS 21311,MUSL
MUS 21312,MUSL
MUS 21313,MUSL
MUS 21314,MUSL
MUS 21315,MUSL
MUS 21320,MUSL
MUS 21321,MUSL
MUS 21330,MUSL
MUS 21340,MUSL
MUS 21342,MUSL
MUS 21350,MUSL
MUS 21352,MUSL
MUS 21390,MUSL
MUS 30200,MUSE
MUS 30212,MUSE
MUS 31300,MUSL
MUS 31301,MUSL
MUS 31302,MUSL
MUS 31307,MUSL
MUS 31310,MUSL
MUS 31311,MUSL
MUS 31312,MUSL
MUS 31313,MUSL
MUS 31314,MUSL
MUS 31315,MUSL
MUS 31320,MUSL
MUS 31321,MUSL
MUS 31330,MUSL
MUS 31340,MUSL
MUS 31350,MUSL
MUS 40402,MUSE
MUS 41300,MUSL
MUS 41301,MUSL
MUS 41302,MUSL
MUS 41307,MUSL
MUS 41310,MUSL
MUS 41311,MUSL
MUS 41312,MUSL
MUS 41313,MUSL
MUS 41314,MUSL
MUS 41315,MUSL
MUS 41320,MUSL
MUS 41321,MUSL
MUS 41330,MUSL
MUS 41340,MUSL
MUS 41350,MUSL
MUS 50021,WKAL
MUS 50021,FNAR
MUS 51300,MUSL
MUS 51301,MUSL
MUS 51302,MUSL
MUS 51307,MUSL
MUS 51310,MUSL
MUS 51311,MUSL
MUS 51312,MUSL
MUS 51313,MUSL
MUS 51314,MUSL
MUS 51315,MUSL
MUS 51320,MUSL
MUS 51321,MUSL
MUS 51330,MUSL
MUS 51340,MUSL
MUS 51350,MUSL
MUS 51900,MUSL
MUS 51901,MUSL
MUS 51910,MUSL
MUS 51911,MUSL
MUS 51912,MUSL
MUS 51914,MUSL
MUS 51920,MUSL
MUS 51921,MUSL
MUS 51930,MUSL
MUS 51940,MUSL
MUS 51950,MUSL
MUS 60233,MUSE
MUS 60241,MUSE
MUS 60248,MUSE
MUS 61300,MUSL
MUS 61302,MUSL
MUS 61307,MUSL
MUS 61310,MUSL
MUS 61311,MUSL
MUS 61312,MUSL
MUS 61313,MUSL
MUS 61314,MUSL
MUS 61315,MUSL
MUS 61320,MUSL
MUS 61321,MUSL
MUS 61330,MUSL
MUS 61340,MUSL
MUS 61350,MUSL
NSBH 21450,NSBH
NSBH 30220,NSBH
NSBH 30301,NSBH
NSBH 30310,NSBH
NSBH 30400,NSBH
NSBH 30510,NSBH
NSBH 33528,ZCSC
NSBH 33528,NSBH
NSBH 36500,NSBH
NSBH 40300,NSBH
NSBH 40404,WRIT
NSBH 40404,NSBH
NSBH 43358,WRIT
NSBH 43358,NSBH
NSBH 45000,ZCSC
NSBH 45000,NSBH
NSBH 45001,PSCE
NSBH 45001,ZCSC
NSBH 45001,NSBH
NSCI 40402,WKSP
PHIL 10101,PHIL
PHIL 10101,WKFP
PHIL 10103,PHIL
PHIL 10103,WKFP
PHIL 10104,PHIL
PHIL 10104,WKFP
PHIL 10106,PHIL
PHIL 10106,WKFP
PHIL 10108,WKFP
PHIL 10111,PHIL
PHIL 10111,WKFP
PHIL 13185,PHIL
PHIL 13185,USEM
PHIL 13185,WKFP
PHIL 20100,WKFP
PHIL 20101,PHIL
PHIL 20101,WKFP
PHIL 20255,WKSP
PHIL 20408,WKSP
PHIL 20409,WKSP
PHIL 20412,WKSP
PHIL 20414,WKSP
PHIL 20443,WKSP
PHIL 20454,WKSP
PHIL 20601,WKSP
PHIL 20613,WKSP
PHIL 20617,WKSP
PHIL 20801,WKSP
PHIL 20804,WKSP
PHIL 20806,WKSP
PHIL 20816,WKSP
PHIL 30301,MPPE
PHIL 30302,MPPE
PHIL 30304,WKSP
PHIL 30305,MPPE
PHIL 30305,WKSP
PHIL 30310,WRIT
PHIL 30313,MPPE
PHIL 30313,WKSP
PHIL 30313,WKQR
PHIL 30409,WKHI
PHIL 30409,HIST
PHIL 30409,WKSP
PHIL 30409,WKIN
PHIL 30409,MPPE
PHIL 43605,MPPE
PHIL 43704,MPPE
PHIL 43801,MPPE
PHIL 43906,MPPE
PHIL 43923,MPPE
PHIL 46498,PWCP
PHIL 46498,MPCT
PHIL 48499,WRIT
PHYS 10052,WKST
PHYS 10052,NASC
PHYS 10052,ENST
PHYS 10062,WKST
PHYS 10062,NASC
PHYS 10140,WKST
PHYS 10140,NASC
PHYS 10222,WKST
PHYS 10222,NASC
PHYS 10222,ENST
PHYS 10310,WKST
PHYS 10310,NASC
PHYS 10310,ENST
PHYS 10320,WKST
PHYS 10320,NASC
PHYS 10342,ALHN
PHYS 10342,NASC
PHYS 10342,WKST
PHYS 10422,WKST
PHYS 10422,NASC
PHYS 20140,WKST
PHYS 20140,NASC
PHYS 20210,WKST
PHYS 20210,NASC
PHYS 20220,WKST
PHYS 20220,NASC
PHYS 20444,CHEM
PHYS 20444,CHSE
PHYS 20452,MATH
PHYS 20452,WKQR
PHYS 20454,MSCE
PHYS 20454,MATH
PHYS 30240,WKST
PHYS 30472,CHEM
PHYS 30472,CHSE
PHYS 40454,ZODO
PHYS 40454,CHEM
PHYS 40454,CHSE
PHYS 46490,CHEM
PHYS 46490,CHSE
PHYS 50472,CHEM
PHYS 50472,ENST
PHYS 50472,CHSE
PHYS 50602,CHEM
PHYS 50602,CHSE
PHYS 70006,CHEM
PHYS 70006,CHSE
PHYS 70008,CHEM
PHYS 70008,CHSE
PHYS 70009,ZOOX
PHYS 70009,CHEM
PHYS 70009,CHSE
PHYS 80004,CHEM
PHYS 80004,CHSE
PHYS 80601,CHEM
PHYS 80601,CHSE
PHYS 90702,CHEM
PHYS 90702,CHSE
PLS 13186,WKAL
PLS 13186,USEM
PLS 13188,WKCD
PLS 13188,USEM
PLS 20302,THEO
PLS 20302,WKFT
PLS 23101,CSEM
PLS 23102,CSEM
PLS 30202,WKAL
PLS 30202,MESE
PLS 30302,NSMA
PLS 30302,NROT
PLS 30302,ALSS
PLS 40302,WKSP
PLS 40412,WKSS
PLS 40412,SOSC
PLS 48701,WRIT
POLS 10100,NSMA
POLS 10100,WKSS
POLS 10100,NROT
POLS 10100,SOSC
POLS 10200,NROT
POLS 10200,IBCL
POLS 10200,CSTE
POLS 10200,NSMA
POLS 10200,WKSS
POLS 10200,SOSC
POLS 10400,NROT
POLS 10400,IBCL
POLS 10400,NSMA
POLS 10400,WKSS
POLS 10400,SOSC
POLS 10600,WKSP
POLS 20100,NROT
POLS 20100,MPCT
POLS 20100,PWPS
POLS 20100,NSMA
POLS 20100,WKSS
POLS 20100,SOSC
POLS 20200,NROT
POLS 20200,MPCT
POLS 20200,IBCL
POLS 20200,PWPS
POLS 20200,CSTE
POLS 20200,NSMA
POLS 20200,POLS
POLS 20200,WKSS
POLS 20200,SOSC
POLS 20400,NROT
POLS 20400,IBCL
POLS 20400,NSMA
POLS 20400,WKSS
POLS 20400,SOSC
POLS 20600,MPCT
POLS 20600,ALSS
POLS 20600,PWPS
POLS 20600,WKSP
POLS 20600,MPPE
POLS 30005,WKSS
POLS 30005,MPPE
POLS 30005,SOSC
POLS 30024,MPPE
POLS 30028,MPPE
POLS 30028,HPIP
POLS 30035,MPPE
POLS 30035,ALSS
POLS 30104,WRIT
POLS 30136,MPPE
POLS 30161,WKSP
POLS 30201,NROT
POLS 30201,IBCL
POLS 30201,NSMA
POLS 30201,WKSS
POLS 30201,NVCA
POLS 30201,SOSC
POLS 30201,MPPE
POLS 30266,IBCB
POLS 30266,MPPE
POLS 30266,CSTE
POLS 30363,PSIM
POLS 30363,IBCL
POLS 30363,MPPE
POLS 30363,CSTE
POLS 30401,WKSS
POLS 30401,IBCL
POLS 30401,MPPE
POLS 30401,SOSC
POLS 30407,MPPE
POLS 30543,WKAL
POLS 30543,FNAR
POLS 30665,MPPE
POLS 30705,WKCD
POLS 30705,MPPE
POLS 30813,MPPE
POLS 35901,ZINT
POLS 35901,ZCSC
POLS 35901,MPPE
POLS 35902,ZINT
POLS 40490,ZCSC
POLS 40490,MPPE
POLS 40805,MPPE
POLS 40811,MPPE
POLS 40815,MPPE
POLS 40815,ENST
POLS 43002,MPPE
POLS 43002,WRIT
POLS 46902,MPPE
POLS 47905,MPPE
POLS 53002,IBCL
POLS 53002,MPPE
POLS 53002,WRIT
POLS 60205,MPPE
POLS 60217,MPPE
POLS 60473,MPPE
PRL 20804,WKSP
PRL 20806,WKSP
PRL 33122,WKAL
PRL 40823,WKAL
PS 23000,SEIE
PS 23000,WRIT
PS 23000,CSTE
PS 23200,PSCE
PS 23200,CSTJ
PS 23915,PSCE
PS 23915,ZCSC
PS 23915,CSTJ
PS 30552,PSIM
PS 30952,PSIM
PS 30952,WKHI
PS 33304,PSCE
PS 33304,ZCSC
PS 33304,CSTJ
PS 33312,PSCE
PS 33312,CSTJ
PS 33961,PSCE
PS 33961,CSTJ
PS 33963,PSCE
PS 33963,ZCSC
PS 33963,CSTJ
PS 33965,PSCE
PS 33965,ZCSC
PS 33965,CSTJ
PS 36900,PSIM
PS 40834,PSIM
PS 40834,ZCSC
PS 40999,PSCE
PS 40999,PSIM
PS 40999,ZCSC
PS 40999,CSTE
PS 47000,PSCP
PS 47001,PSIM
PS 47001,PSCP
PS 47001,CSTE
PS 47002,PSIM
PS 47002,PSCP
PS 47002,CSTE
PS 47003,PSCP
PS 47003,ZCSC
PS 47003,CSTE
PS 47003,PSCE
PS 47003,PSIM
PSY 10000,WKSS
PSY 10000,ALSS
PSY 10000,SOSC
PSY 13181,WKSS
PSY 13181,USEM
PSY 13181,SOSC
PSY 20000,WKSS
PSY 20000,SOSC
PSY 23271,ZCSC
PSY 23271,ALSS
PSY 30100,WKQR
PSY 30160,WRIT
PSY 30220,NSBH
PSY 30220,ALSS
PSY 30220,PSDP
PSY 30310,NSBH
PSY 30310,ALSS
PSY 30310,PSDP
PSY 30312,PSDP
PSY 30314,ALSS
PSY 30314,PSDP
PSY 30400,CDND
PSY 30400,NSBH
PSY 30400,PBLP
PSY 30400,ALSS
PSY 30430,NSBH
PSY 30430,PBLP
PSY 30430,ALSS
PSY 30510,PBLP
PSY 30510,NSBH
PSY 30520,NSBH
PSY 30520,PBLP
PSY 30520,ALSS
PSY 30537,WRIT
PSY 30537,NSBH
PSY 30541,WKIN
PSY 30541,NSBH
PSY 30676,CDUI
PSY 30676,PBLP
PSY 30676,ALSS
PSY 30676,CDDF
PSY 30693,PSIM
PSY 30693,CSTE
PSY 30693,PSDP
PSY 30696,PSIM
PSY 30696,CSTE
PSY 30696,PSDP
PSY 43270,NSBH
PSY 43271,ZCSC
PSY 43271,WRIT
PSY 43271,ALSS
PSY 43272,NSBH
PSY 43358,WRIT
PSY 43358,NSBH
PSY 43527,NSBH
PSY 43531,ALSS
PSY 66386,ZCSC
PSY 66388,ZCSC
PSY 66390,ZCSC
PSY 66392,ZCSC
PSY 66394,ZCSC
PSY 66396,ZCSC
RE 30365,MREL
RE 30535,MREL
RE 30720,MREL
RE 30730,MREL
RE 30740,MREL
RE 30770,MREL
RE 30790,WKCD
RE 30790,MREL
RE 30850,MREL
RE 43200,MREL
ROFR 20201,LANG
ROFR 20201,SCLN
ROFR 20201,MESE
ROFR 20202,LANG
ROFR 20202,ALLN
ROFR 20202,SCLN
ROFR 20202,MESE
ROFR 20215,LANG
ROFR 20215,ALLN
ROFR 20215,SCLN
ROFR 20215,MESE
ROFR 20300,LANG
ROFR 20300,ALLN
ROFR 20300,SCLN
ROFR 20300,MESE
ROFR 20400,ALLN
ROFR 20400,MESE
ROFR 20710,ALLN
ROFR 30310,WKLC
ROFR 30310,ROFR
ROFR 30310,FLIT
ROFR 30310,IBCL
ROFR 30310,WKAL
ROFR 30310,ALLN
ROFR 30310,MESE
ROFR 30310,SCLN
ROFR 30310,LANG
ROFR 30605,WKCD
ROFR 40223,WKAL
ROFR 40715,WKLC
ROFR 40715,WRIT
ROFR 40715,WKAL
ROFR 40715,ALLN
ROFR 40715,MESE
ROFR 40940,ALLN
ROFR 40940,WKLC
ROFR 40940,MESE
ROFR 40940,WKAL
ROFR 60715,WKAL
ROFR 60715,WKLC
ROFR 60715,WRIT
ROIT 10102,ZCSC
ROIT 20111,LANG
ROIT 20111,SCLN
ROIT 20201,LANG
ROIT 20201,SCLN
ROIT 20201,MESE
ROIT 20202,LANG
ROIT 20202,ALLN
ROIT 20202,SCLN
ROIT 20202,MESE
ROIT 20650,WKAL
ROIT 20650,FNAR
ROIT 30310,WKLC
ROIT 30310,WKAL
ROIT 30310,ALLN
ROIT 30310,SCLN
ROIT 30310,MESE
ROIT 30310,LANG
ROIT 30721,WKLC
ROIT 30721,IBCL
ROIT 30721,WKAL
ROIT 30721,ALLN
ROIT 30721,MESE
ROIT 40116,WKCD
ROIT 40116,WKAL
ROIT 40116,WKLC
ROIT 40370,ITLC
ROIT 40370,MESE
ROIT 40370,ROIT
ROIT 63116,WKCD
ROIT 63116,WKAL
ROIT 63116,WKLC
ROPO 20202,LANG
ROPO 20202,ALLN
ROPO 20202,SCLN
ROPO 20202,MESE
ROPO 40511,WKAL
ROPO 40511,FNAR
ROSP 10101,NROT
ROSP 10101,NVCA
ROSP 10102,NROT
ROSP 10102,NVCA
ROSP 20201,NROT
ROSP 20201,ZCSC
ROSP 20201,NVCA
ROSP 20201,MESE
ROSP 20201,SCLN
ROSP 20201,LANG
ROSP 20202,ZCSC
ROSP 20202,ALLN
ROSP 20202,SCLN
ROSP 20202,MESE
ROSP 20202,LANG
ROSP 20215,LANG
ROSP 20215,ALLN
ROSP 20215,SCLN
ROSP 20460,ZCSC
ROSP 20460,LANG
ROSP 20460,ALLN
ROSP 20460,SCLN
ROSP 20502,CDDF
ROSP 20502,WKAL
ROSP 20502,ALLN
ROSP 20502,LAST
ROSP 20502,SCLN
ROSP 20502,FTII
ROSP 20502,LANG
ROSP 20502,CDAH
ROSP 20502,FNAR
ROSP 20600,LANG
ROSP 20600,ALLN
ROSP 20600,SCLN
ROSP 20600,MESE
ROSP 20815,ZCSC
ROSP 20815,ALLN
ROSP 20815,SCLN
ROSP 30201,WKSS
ROSP 30201,WKHI
ROSP 30201,HIST
ROSP 30201,SOSC
ROSP 30310,WKLC
ROSP 30310,NROT
ROSP 30310,IBCL
ROSP 30310,WKAL
ROSP 30310,ALLN
ROSP 30310,NVCA
ROSP 30310,MESE
ROSP 30310,SCLN
ROSP 30310,LANG
ROSP 30320,ALLN
ROSP 30320,WKLC
ROSP 30320,MESE
ROSP 30715,ALLN
ROSP 30715,WKLC
ROSP 30715,WKAL
ROSP 30820,ALLN
ROSP 30820,LAST
ROSP 30820,WKLC
ROSP 30820,WKAL
ROSP 30871,ALLN
ROSP 40440,STVF
ROSP 40440,ALLN
ROSP 40440,SCLN
ROSP 40720,ALLN
ROSP 40775,WKAL
ROSP 40775,WKLC
ROSP 40893,WKAL
ROSP 40893,WKLC
RU 10102,NROT
RU 10102,NVCA
RU 13186,WKAL
RU 13186,USEM
RU 20102,LANG
RU 20102,ALLN
RU 20102,SCLN
RU 30102,WKLC
RU 30102,REES
RU 30102,ALLN
RU 30102,SCLN
RU 30102,MESE
RU 30102,LANG
RU 33101,WKAL
RU 33101,FNAR
RU 43620,ALLN
RU 43620,WKLC
SACM 40102,WKCD
SACM 40102,WKAL
SACM 40102,FNAR
SC 20500,WRIT
SC 30230,CHEM
SC 30230,ENST
SC 30230,CHSE
SC 40500,ENST
SC 43350,MCCS
SC 45999,ZINT
SC 48100,CHEM
SC 48100,CHSE
SCGE 20600,WKAL
SCGE 20600,FNAR
SCPP 30405,GEEL
SCPP 30406,MCCE
SCPP 40397,WRIT
SEI 30552,ZCSC
SEI 30552,IBCB
SEI 30552,CSTE
SEI 30903,SEIE
SEI 40090,SEIC
SEI 40834,SEIE
SEI 40834,ZCSC
SEI 40834,CSTE
SEI 40999,SEIC
SEI 40999,ZCSC
SEI 41500,SEIE
SMAC 20801,PSCE
SMAC 20801,ZCSC
SMAC 20801,CSTJ
SMAC 30106,WRIT
SMAC 30301,WKHI
SMAC 30301,HIST
SMAC 30303,WKHI
SMAC 30304,WKHI
SMAC 30605,ANME
SMAC 30605,ANTH
SMAC 30903,ESSC
SMAC 30903,ESEI
SMAC 30903,WKAL
SMAC 30903,MEDS
SMAC 45901,ZINT
SOC 10002,WKSS
SOC 10002,CSTE
SOC 10002,SOSC
SOC 10033,ZCSC
SOC 10033,CSTE
SOC 10033,WKSS
SOC 10033,SOSC
SOC 10033,PSIM
SOC 10342,WKSS
SOC 10342,SOSC
SOC 10502,WKSS
SOC 10502,SOSC
SOC 10722,WKSS
SOC 10722,SOSC
SOC 10732,WKSS
SOC 10732,SOSC
SOC 13181,WKSS
SOC 13181,USEM
SOC 13181,SOSC
SOC 20002,WKSS
SOC 20002,SOSC
SOC 20033,ZCSC
SOC 20033,CSTE
SOC 20033,WKSS
SOC 20033,SOSC
SOC 20033,PSIM
SOC 20342,WKSS
SOC 20342,PSIM
SOC 20342,SOSC
SOC 20502,WKSS
SOC 20502,SOSC
SOC 20722,WKSS
SOC 20722,ALSS
SOC 20722,SOSC
SOC 20732,WKSS
SOC 20732,PSIM
SOC 20806,ALSS
SOC 30119,WKSS
SOC 30119,SOSC
SOC 30145,WKSS
SOC 30145,CSTE
SOC 30900,WRIT
SOC 30900,ALSS
SOC 30903,WKQR
SOC 40050,ENST
SOC 40050,CSTE
SOC 43590,ALSS
SOC 43787,CSTE
SOC 45000,PSCE
SOC 45000,ZCSC
SOC 48009,WRIT
STV 10115,WKST
STV 10115,NASC
STV 10119,WKST
STV 10119,NASC
STV 20101,WKSP
STV 20111,WKIN
STV 20202,WKAL
STV 20202,FNAR
STV 20204,WKSS
STV 20204,SOSC
STV 20255,WKIN
STV 20306,WKST
STV 20306,NASC
STV 20306,ENST
STV 20311,WKSS
STV 20311,STVF
STV 20311,SOSC
STV 20331,WKSS
STV 20331,SOSC
STV 20556,WRIT
STV 20556,CSTE
STV 20556,CAPP
STV 20556,WKSP
STV 20556,CAPE
STV 20556,ENST
STV 20600,WKAL
STV 20600,FNAR
STV 20601,WKSP
STV 20617,STVF
STV 20617,WKSP
STV 20626,WKDT
STV 20888,WKDT
STV 20983,WKHI
STV 30055,WKHI
STV 30055,HIST
STV 30108,WKHI
STV 30108,HIST
STV 30117,WRIT
STV 30118,WKAL
STV 30118,WRIT
STV 30132,WKHI
STV 30132,HIST
STV 30132,ENST
STV 30147,WRIT
STV 30154,WKHI
STV 30202,ENST
STV 30408,ENST
STV 30456,WKHI
STV 30456,HIST
STV 30461,WKAL
STV 30461,FNAR
STV 30635,WKIN
STV 30750,WKIN
STV 30800,WKIN
STV 30877,WKHI
STV 30900,WRIT
STV 30986,WKHI
STV 30986,HIST
STV 33022,WKSP
STV 33104,WKAL
STV 33104,FNAR
STV 33997,WKSP
STV 33999,WKIN
STV 33999,WRIT
STV 40206,ENST
STV 40825,WRIT
SUS 20200,ZCSC
SUS 20203,WKAL
SUS 20203,FNAR
SUS 20204,WKST
SUS 20626,WKDT
SUS 20626,CSTE
SUS 20888,WKDT
SUS 25000,ENST
SUS 30112,WKAL
SUS 30112,WRIT
SUS 30312,ENST
SUS 30408,ENST
SUS 30559,ENST
SUS 30632,WKHI
SUS 30632,HIST
SUS 30632,CSTE
SUS 40409,ENST
TEC 20101,WKSP
TEC 20111,WKIN
TEC 30750,WKIN
TEC 33997,WKSP
TEC 33999,WKIN
TEC 33999,WRIT
THEO 10001,THEO
THEO 10001,WKFT
THEO 10002,THEO
THEO 10002,WKFT
THEO 13002,ALHN
THEO 13002,THEO
THEO 13002,WKFT
THEO 13183,THEO
THEO 13183,WKFT
THEO 13183,USEM
THEO 20246,WKDT
THEO 20249,WKHI
THEO 20249,HIST
THEO 20249,REES
THEO 20249,MESE
THEO 20249,WKDT
THEO 20251,WKDT
THEO 20258,WKDT
THEO 20261,WKDT
THEO 20261,WKAL
THEO 20261,FNAR
THEO 20268,WKDT
THEO 20619,NROT
THEO 20619,CSTE
THEO 20619,NVCA
THEO 20619,PSIM
THEO 20619,WKDT
THEO 20626,ENST
THEO 20626,WKDT
THEO 20626,CSTE
THEO 20639,WKDT
THEO 20639,CSTE
THEO 20643,PSCP
THEO 20643,ZCSC
THEO 20643,CSTE
THEO 20643,PSCE
THEO 20643,PSIM
THEO 20643,WKDT
THEO 20674,WKDT
THEO 20674,CSTE
THEO 20677,WKDT
THEO 20677,CSTE
THEO 20679,WKDT
THEO 20679,CSTE
THEO 20680,WKDT
THEO 20682,WKDT
THEO 20682,CSTE
THEO 20708,WKDT
THEO 20808,PSIM
THEO 20808,WKDT
THEO 20808,CSTE
THEO 20830,WKDT
THEO 20830,IBCL
THEO 20830,NROT
THEO 20830,NVCA
THEO 20851,WKDT
THEO 20851,CSTE
THEO 20888,WKDT
THEO 20889,WKDT
THEO 20894,WKDT
THEO 20894,WKAL
THEO 20895,WKDT
THEO 20896,WKDT
THEO 33963,PSCE
THEO 33963,ZCSC
THEO 33963,CSTJ
THEO 33963,CSTE
THEO 40208,WKCD
THEO 40208,CSTE
THEO 40209,WKCD
THEO 40209,WKAL
THEO 40209,FNAR
THEO 40223,WKHI
THEO 40223,HIST
THEO 40225,WKAL
THEO 40225,WRIT
THEO 40225,FNAR
THEO 40437,WKCD
THEO 40437,WKAL
THEO 40437,FNAR
THEO 40613,PSIM
THEO 40613,PSCP
THEO 40632,ZCSC
THEO 40632,CSTE
THEO 40634,WKAL
THEO 40646,WKCD
THEO 40646,WRIT
THEO 40646,CSTE
THEO 40726,WRIT
THEO 40730,WKCD
THEO 40730,WKHI
THEO 40777,WKCD
THEO 40823,WKAL
THEO 40823,MPRL
THEO 40881,WKAL
THEO 40881,WRIT
THEO 40881,FNAR
THEO 40883,WRIT
THEO 48003,WRIT
THEO 60213,MESE
THEO 60614,ENST
THEO 60657,WKAL
THEO 60725,WRIT
WR 13300,WRRH
